CREATE DATABASE  IF NOT EXISTS `bookstore` /*!40100 DEFAULT CHARACTER SET utf8 */;
USE `bookstore`;
-- MySQL dump 10.13  Distrib 8.0.33, for Win64 (x86_64)
--
-- Host: 127.0.0.1    Database: bookstore
-- ------------------------------------------------------
-- Server version	5.7.24

/*!40101 SET @OLD_CHARACTER_SET_CLIENT=@@CHARACTER_SET_CLIENT */;
/*!40101 SET @OLD_CHARACTER_SET_RESULTS=@@CHARACTER_SET_RESULTS */;
/*!40101 SET @OLD_COLLATION_CONNECTION=@@COLLATION_CONNECTION */;
/*!50503 SET NAMES utf8 */;
/*!40103 SET @OLD_TIME_ZONE=@@TIME_ZONE */;
/*!40103 SET TIME_ZONE='+00:00' */;
/*!40014 SET @OLD_UNIQUE_CHECKS=@@UNIQUE_CHECKS, UNIQUE_CHECKS=0 */;
/*!40014 SET @OLD_FOREIGN_KEY_CHECKS=@@FOREIGN_KEY_CHECKS, FOREIGN_KEY_CHECKS=0 */;
/*!40101 SET @OLD_SQL_MODE=@@SQL_MODE, SQL_MODE='NO_AUTO_VALUE_ON_ZERO' */;
/*!40111 SET @OLD_SQL_NOTES=@@SQL_NOTES, SQL_NOTES=0 */;

--
-- Table structure for table `authors`
--

DROP TABLE IF EXISTS `authors`;
/*!40101 SET @saved_cs_client     = @@character_set_client */;
/*!50503 SET character_set_client = utf8mb4 */;
CREATE TABLE `authors` (
  `id` int(11) NOT NULL AUTO_INCREMENT,
  `name` varchar(255) DEFAULT NULL,
  PRIMARY KEY (`id`)
) ENGINE=InnoDB AUTO_INCREMENT=30 DEFAULT CHARSET=utf8;
/*!40101 SET character_set_client = @saved_cs_client */;

--
-- Dumping data for table `authors`
--

LOCK TABLES `authors` WRITE;
/*!40000 ALTER TABLE `authors` DISABLE KEYS */;
INSERT INTO `authors` VALUES (1,'Gege Akutami'),(2,'Eiichiro Oda'),(3,'Aka Akasaka'),(4,'Masashi Kishimoto'),(5,'Kaneshiro Muneyuki'),(6,'Kohei Horikoshi'),(7,'Harukawa Sango'),(8,'One'),(10,'Sui Ishida'),(11,'Kaiu Shirai'),(13,'Junji Ito'),(14,'Tatsuki Fujimoto'),(15,'Reki Kawahara'),(16,'Natsuki Kizu'),(17,'Hagiwara Daisuke'),(18,'Ichigo Takano'),(19,'Fuse'),(20,'Nishi(E)da'),(21,'CLAMP'),(22,'Mizuho Kusanagi'),(24,'Hiromu Arakawa'),(26,'Akira Toriyama'),(27,'Hirohiko Araki'),(28,'Takehiko Inoue'),(29,'Haruichi Furudate');
/*!40000 ALTER TABLE `authors` ENABLE KEYS */;
UNLOCK TABLES;

--
-- Table structure for table `books`
--

DROP TABLE IF EXISTS `books`;
/*!40101 SET @saved_cs_client     = @@character_set_client */;
/*!50503 SET character_set_client = utf8mb4 */;
CREATE TABLE `books` (
  `id` int(11) NOT NULL AUTO_INCREMENT,
  `title` varchar(255) NOT NULL,
  `author_id` int(11) NOT NULL,
  `publisher_id` int(11) NOT NULL,
  `release_year` varchar(255) NOT NULL,
  `price` int(11) NOT NULL,
  `description` text,
  `language` varchar(255) NOT NULL,
  `created_at` datetime DEFAULT NULL,
  `updated_at` datetime DEFAULT NULL,
  `category_id` smallint(6) NOT NULL,
  `overall_rating` smallint(6) DEFAULT '0',
  `image_url` varchar(255) DEFAULT NULL,
  PRIMARY KEY (`id`)
) ENGINE=InnoDB AUTO_INCREMENT=38 DEFAULT CHARSET=utf8;
/*!40101 SET character_set_client = @saved_cs_client */;

--
-- Dumping data for table `books`
--

LOCK TABLES `books` WRITE;
/*!40000 ALTER TABLE `books` DISABLE KEYS */;
INSERT INTO `books` VALUES (1,'Naruto Tập 57: Naruto Xung Trận…!! (Tái Bản 2022)',4,1,'2022',22500,'Toàn quân bị đẩy vào thế thầm lặng chiến đấu! Nhưng Naruto đã biết Madara âm mưu nhắm vào cậu cũng như muốn châm ngòi chiến tranh. Bỏ qua lời thuyết phục của thầy Iruka, Naruto cương quyết tự đứng ra xử lí vấn đề trực tiếp tại chiến trường! Trong khi ở tiền tuyến, những trận đối đầu một mất một còn vẫn tiếp diễn. Màn đêm buông xuống, cuộc tập kích âm thầm trong bóng tối bắt đầu!!\r\n\r\nMASASHI KISHIMOTO\r\n\r\n“Ở tập này, cuối cùng thì Naruto - nhân vật chính cũng xuất hiện đúng nghĩa! Đúng như cái tên của tác phẩm là NARUTO, tôi vô cùng hào hứng khi vẽ nhân vật chính đấy các bạn!\r\n\r\nTuy từng bị nói “Truyện gì mà nhân vật chính hành động chả tích cực chi hết”, nhưng từ giờ thì khác, sẽ là một bước đột phá lớn nha…! Chắc vậy…! Ây da, nói sao ta… tương lai ai mà biết trước được chuyện gì… Thôi thì…”\r\n\r\nMã hàng	8935244868265\r\nTên Nhà Cung Cấp	Nhà Xuất Bản Kim Đồng\r\nTác giả	Masashi Kishimoto\r\nNgười Dịch	Anh Việt\r\nNXB	Kim Đồng\r\nNăm XB	2022\r\nTrọng lượng (gr)	120\r\nKích Thước Bao Bì	17.6 x 11.3 x 1.1 cm\r\nSố trang	188\r\nHình thức	Bìa Mềm\r\nGenres	Adventure, Action, Comedy, Shounen, Fantasy, Drama\r\nSản phẩm bán chạy nhất	Top 100 sản phẩm Manga Khác bán chạy của tháng\r\nGiá sản phẩm trên Fahasa.com đã bao gồm thuế theo luật hiện hành. Bên cạnh đó, tuỳ vào loại sản phẩm, hình thức và địa chỉ giao hàng mà có thể phát sinh thêm chi phí khác như Phụ phí đóng gói, phí vận chuyển, phụ phí hàng cồng kềnh,...\r\nNaruto Tập 57: Naruto Xung Trận…!! (Tái Bản 2022)\r\n\r\nToàn quân bị đẩy vào thế thầm lặng chiến đấu! Nhưng Naruto đã biết Madara âm mưu nhắm vào cậu cũng như muốn châm ngòi chiến tranh. Bỏ qua lời thuyết phục của thầy Iruka, Naruto cương quyết tự đứng ra xử lí vấn đề trực tiếp tại chiến trường! Trong khi ở tiền tuyến, những trận đối đầu một mất một còn vẫn tiếp diễn. Màn đêm buông xuống, cuộc tập kích âm thầm trong bóng tối bắt đầu!!\r\n\r\nMASASHI KISHIMOTO\r\n\r\n“Ở tập này, cuối cùng thì Naruto - nhân vật chính cũng xuất hiện đúng nghĩa! Đúng như cái tên của tác phẩm là NARUTO, tôi vô cùng hào hứng khi vẽ nhân vật chính đấy các bạn!\r\n\r\nTuy từng bị nói “Truyện gì mà nhân vật chính hành động chả tích cực chi hết”, nhưng từ giờ thì khác, sẽ là một bước đột phá lớn nha…! Chắc vậy…! Ây da, nói sao ta… tương lai ai mà biết trước được chuyện gì… Thôi thì…”','vi','2023-04-22 07:31:04','2023-04-22 07:31:04',1,0,'https://cdn0.fahasa.com/media/catalog/product/n/a/naruto---tap-57---tb-2022.jpg'),(2,'\nChú Thuật Hồi Chiến: Trường Chuyên Chú Thuật Tokyo - Tập 0',1,1,'2023',26400,'Hidden in plain sight, an age-old conflict rages on. Supernatural monsters known as \"Curses\" terrorize humanity from the shadows, and powerful humans known as \"Jujutsu\" sorcerers use mystical arts to exterminate them. When high school student Yuuji Itadori finds a dried-up finger of the legendary Curse Sukuna Ryoumen, he suddenly finds himself joining this bloody conflict. Attacked by a Curse attracted to the finger\'s power, Yuuji makes a reckless decision to protect himself, gaining the power to combat Curses in the process but also unwittingly unleashing the malicious Sukuna into the world once more. Though Yuuji can control and confine Sukuna to his own body, the Jujutsu world classifies Yuuji as a dangerous, high-level Curse who must be exterminated. Detained and sentenced to death, Yuuji meets Satoru Gojou—a teacher at Jujutsu High School—who explains that despite his imminent execution, there is an alternative for him. Being a rare vessel to Sukuna, if Yuuji were to die, then Sukuna would perish too. Therefore, if Yuuji were to consume the many other remnants of Sukuna, then Yuuji\'s subsequent execution would truly eradicate the malicious demon. Taking up this chance to make the world safer and live his life for a little longer, Yuuji enrolls in Jujutsu High, jumping headfirst into a harsh and unforgiving battlefield.\nKhốn khổ vì bị oán linh Rika ám, cậu học sinh trung học Yuta Okkotsu định kết liễu đời mình. Đúng lúc đó, Gojo Satoru - giáo viên của trường chuyên chú thuật, một nơi dạy cách giải trừ “lời nguyền” - đã yêu cầu Okkotsu chuyển tới ngôi trường này…!?\n\nMời các bạn cùng bước vào tiền truyện CHÚ THUẬT HỒI CHIẾN - TRƯỜNG CHUYÊN CHÚ THUẬT TOKYO nhé!!\n\nHiện JUJUTSU KAISEN đang tiếp tục gây bão với Movie 0 (Chuyển thể từ chính tập sách này). Hiện phim đã thu về gần 8 tỉ Yên (Khoảng gần 7 triệu đô la Mĩ) và bán được 5.617.950 vé trong 18 ngày đầu tiên công chiếu tại Nhật!! Đây đã là động lực để bạn rinh tập sách đầy ấn tượng này về và hòa mình vào bầu không khí cuồng nhiệt với JUJUTSU KAISEN chưa nhỉ!?\n\nMã hàng	8935244864113\nĐộ Tuổi	17+\nTên Nhà Cung Cấp	Nhà Xuất Bản Kim Đồng\nTác giả	Gege Akutami\nNgười Dịch	Vũ Trụ 19, Liên Vũ\nNXB	NXB Kim Đồng\nNăm XB	2022\nNgôn Ngữ	Tiếng Việt\nTrọng lượng (gr)	220\nKích Thước Bao Bì	17.6 x 11.3 cm\nSố trang	200\nHình thức	Bìa Mềm\nSản phẩm bán chạy nhất	Top 100 sản phẩm Manga Khác bán chạy của tháng\nGiá sản phẩm trên Fahasa.com đã bao gồm thuế theo luật hiện hành. Bên cạnh đó, tuỳ vào loại sản phẩm, hình thức và địa chỉ giao hàng mà có thể phát sinh thêm chi phí khác như Phụ phí đóng gói, phí vận chuyển, phụ phí hàng cồng kềnh,...\nChú Thuật Hồi Chiến: Trường Chuyên Chú Thuật Tokyo - Tập 0 - Bản Thường\n\nNhư vậy là sau thời gian dài \"trong ngóng ngoài trông\", cuối cùng thì dự án JUJUTSU KAISEN - Manga đình đám nhất tại Nhật Bản năm 2021, với tổng số lượng sách bán ra lên đến gần 40 triệu bản in (cho 17 tập) - sẽ chính thức có một cú nổ lớn tại Việt Nam, với tập truyện mang tính khởi đầu, đó chính là Vol.0: Trường chuyên chú thuật Tokyo!\n\nKhốn khổ vì bị oán linh Rika ám, cậu học sinh trung học Yuta Okkotsu định kết liễu đời mình. Đúng lúc đó, Gojo Satoru - giáo viên của trường chuyên chú thuật, một nơi dạy cách giải trừ “lời nguyền” - đã yêu cầu Okkotsu chuyển tới ngôi trường này…!?','en','2023-04-22 07:33:35','2023-04-22 07:33:35',2,0,'https://cdn0.fahasa.com/media/catalog/product/c/h/chu-thuat-hoi-chien-_-tap-0---bia-1_2.jpg'),(3,'One Piece Tập 101: “Siêu Sao Thượng Đài”',2,1,'2022',19800,'Đặt niềm tin Luffy chắc chắn sẽ hồi phục và đánh bại Kaido, đồng đội của cậu vẫn kiên cường chiến đấu với các quản lý cấp cao trong băng của hắn. Cùng lúc đó, trên mái vòm của đảo Quỷ cũng diễn ra trận chiến ân oán giữa hai cha con Yamato – Kaido!!\r\n\r\nNhững chuyến phiêu lưu trên đại dương xoay quanh “ONE PIECE” lại bắt đầu!!','vi','2023-04-22 08:06:52','2023-04-22 08:06:52',1,0,'https://cdn0.fahasa.com/media/catalog/product/o/n/one-piece---tap-101---ban-bia-ao-_-bia-gap-_bia-1_.jpg'),(4,'Blue Lock Vol 7',5,3,'2020',153900,'2018年、W杯。日本代表は無残に散った。今大会もベスト16止まり…。アジアでは強豪? 組織力は世界レベル? そんなことは、もう聞き飽きた! 課題は、絶対的な「エースストライカー」の不在。悲願“W杯優勝”のために、ゴールに飢え、勝利に渇き、試合を一変させる革新的な“1人”を作るべく、日本フットボール連合は300人のユース年代の選手達を招集する。まだ無名の高校2年生・潔世一は、己のエゴを以って299人を蹴落とし、最強のエースストライカーの道を駆け上れるか!? 登場人物、全員“俺様”! 史上最もイカれたエゴイストFWサッカー漫画、ここに開幕!!\r\n\r\n勝者が敗者を引き抜く二次選考「奪敵決戦(ライバルリー・バトル)」にて、TOPストライカー・糸師 凛たちに敗れた潔と凪は、蜂楽を失い、再起と成長を誓い次なる戦いへ。極限の“個”の力が試される2vs.2の決戦で、戦う相手は旧伍号棟得点王・馬狼照英。敗北すれば脱落の崖っぷち。潔は、王様・馬狼との1対1を制した先にある“天才側”を目指す!\r\n\r\nMã hàng	9784065178874\r\nTên Nhà Cung Cấp	Kinokuniya Book Stores\r\nTác giả	金城 宗幸, ノ村 優介\r\nNXB	Kodansha\r\nNăm XB	2020\r\nNgôn Ngữ	Tiếng Nhật\r\nTrọng lượng (gr)	300\r\nKích Thước Bao Bì	17.3 x 11.6 x 1.3 cm\r\nSố trang	192\r\nHình thức	Bìa Mềm\r\nSản phẩm bán chạy nhất	Top 100 sản phẩm Reading, Anime & Manga Books bán chạy của tháng\r\nGiá sản phẩm trên Fahasa.com đã bao gồm thuế theo luật hiện hành. Bên cạnh đó, tuỳ vào loại sản phẩm, hình thức và địa chỉ giao hàng mà có thể phát sinh thêm chi phí khác như Phụ phí đóng gói, phí vận chuyển, phụ phí hàng cồng kềnh,...\r\nブルーロック 7\r\n\r\n2018年、W杯。日本代表は無残に散った。今大会もベスト16止まり…。アジアでは強豪? 組織力は世界レベル? そんなことは、もう聞き飽きた! 課題は、絶対的な「エースストライカー」の不在。悲願“W杯優勝”のために、ゴールに飢え、勝利に渇き、試合を一変させる革新的な“1人”を作るべく、日本フットボール連合は300人のユース年代の選手達を招集する。まだ無名の高校2年生・潔世一は、己のエゴを以って299人を蹴落とし、最強のエースストライカーの道を駆け上れるか!? 登場人物、全員“俺様”! 史上最もイカれたエゴイストFWサッカー漫画、ここに開幕!!\r\n\r\n勝者が敗者を引き抜く二次選考「奪敵決戦(ライバルリー・バトル)」にて、TOPストライカー・糸師 凛たちに敗れた潔と凪は、蜂楽を失い、再起と成長を誓い次なる戦いへ。極限の“個”の力が試される2vs.2の決戦で、戦う相手は旧伍号棟得点王・馬狼照英。敗北すれば脱落の崖っぷち。潔は、王様・馬狼との1対1を制した先にある“天才側”を目指す!','jp','2023-04-22 08:10:52','2023-04-22 08:10:52',9,0,'https://cdn0.fahasa.com/media/catalog/product/i/m/image_233932.jpg'),(5,'One Piece 105',2,4,'2023',23000,'新たに四皇となったルフィ!! 新時代の到来と共に世界情勢も目まぐるしく変化する中、ワノ国を出国する一行に、どんな冒険が待つのか!? 新たな航海の幕が開く!! “ひとつなぎの大秘宝”を巡る海洋冒険ロマン!!','jp','2023-05-11 05:45:07','2023-05-11 05:45:07',1,0,'https://cdn0.fahasa.com/media/catalog/product/9/7/9784088834368.jpg'),(6,'My Hero Academia - Học Viện Siêu Anh Hùng - Tập 1: Midoriya Izuku: Khởi Đầu (Tái Bản 2022)',6,1,'2022',25000,'Một ngày nọ, cơ thể con người bắt đầu hình thành một thứ siêu năng lực được gọi là “kosei”, từ đó xã hội bắt đầu tràn ngập những người sở hữu siêu năng lực. Tuy nhiên sự “phi thường” ấy đồng thời cũng khiến tỉ lệ tội phạm tăng cao, dẫn đến tình trạng mà đến chính phủ cũng không thể xử lí. Nhân cơ hội đó, một vài cá nhân đã bắt đầu ra tay chống lại cái ác! Những siêu anh hùng này về sau được dân chúng công nhận và chính thức bước vào hoạt động nhằm bảo vệ hòa bình thế giới hệt như trong truyện tranh! Đây là câu chuyện về cậu bé “vô năng” Midoriya Izuku, luôn đem lòng ngưỡng mộ các siêu anh hùng tình cờ gặp được siêu anh hùng All Might đứng đầu tất cả, từ đó hành trình trở thành siêu anh hùng vĩ đại nhất của cậu cũng bắt đầu!!\r\n\r\nMy Hero Academia - Học viện siêu anh hùng, một \"tân binh\" đến từ Shonen Jump, bộ truyện được kì vọng sẽ tiếp bước các đàn anh Naruto và One Piece, đã bán ra hơn 10 triệu bản tại Nhật chắc chắn sẽ làm mùa hè 2020 của bạn thêm phần hứng khởi!!\r\n\r\nMã hàng	8935244866780\r\nTên Nhà Cung Cấp	Nhà Xuất Bản Kim Đồng\r\nTác giả	Kohei Horikoshi\r\nNgười Dịch	Ruyuha Kyouka\r\nNXB	NXB Kim Đồng\r\nNăm XB	2022\r\nNgôn Ngữ	Tiếng Việt\r\nTrọng lượng (gr)	200\r\nKích Thước Bao Bì	17.6 x 11.3 x 0.4 cm\r\nSố trang	192\r\nHình thức	Bìa Mềm\r\nGenres	Action, Comedy, Sci Fi, Shounen, Fantasy, Drama, Supernatural, School Life\r\nSản phẩm bán chạy nhất	Top 100 sản phẩm Manga Khác bán chạy của tháng\r\nGiá sản phẩm trên Fahasa.com đã bao gồm thuế theo luật hiện hành. Bên cạnh đó, tuỳ vào loại sản phẩm, hình thức và địa chỉ giao hàng mà có thể phát sinh thêm chi phí khác như Phụ phí đóng gói, phí vận chuyển, phụ phí hàng cồng kềnh,...\r\nMy Hero Academia - Học Viện Siêu Anh Hùng - Tập 1: Midoriya Izuku: Khởi Đầu (Tái Bản 2022)\r\n\r\nMột ngày nọ, cơ thể con người bắt đầu hình thành một thứ siêu năng lực được gọi là “kosei”, từ đó xã hội bắt đầu tràn ngập những người sở hữu siêu năng lực. Tuy nhiên sự “phi thường” ấy đồng thời cũng khiến tỉ lệ tội phạm tăng cao, dẫn đến tình trạng mà đến chính phủ cũng không thể xử lí. Nhân cơ hội đó, một vài cá nhân đã bắt đầu ra tay chống lại cái ác! Những siêu anh hùng này về sau được dân chúng công nhận và chính thức bước vào hoạt động nhằm bảo vệ hòa bình thế giới hệt như trong truyện tranh! Đây là câu chuyện về cậu bé “vô năng” Midoriya Izuku, luôn đem lòng ngưỡng mộ các siêu anh hùng tình cờ gặp được siêu anh hùng All Might đứng đầu tất cả, từ đó hành trình trở thành siêu anh hùng vĩ đại nhất của cậu cũng bắt đầu!!\r\n\r\nMy Hero Academia - Học viện siêu anh hùng, một \"tân binh\" đến từ Shonen Jump, bộ truyện được kì vọng sẽ tiếp bước các đàn anh Naruto và One Piece, đã bán ra hơn 10 triệu bản tại Nhật chắc chắn sẽ làm mùa hè 2020 của bạn thêm phần hứng khởi!!','vi','2023-05-11 05:48:12','2023-05-11 05:48:12',1,0,'https://cdn0.fahasa.com/media/catalog/product/z/3/z3201738123996_b72e0235ea013a5e403c44e49eaa1b68.jpg'),(7,'My Hero Academia - Học Viện Siêu Anh Hùng - Tập 32: Kẻ Tiếp Theo',6,1,'2023',22500,'Có vẻ như lũ tù nhân vượt ngục ở các trại giam trên khắp Nhật Bản đang tác oai tác quái ở thành phố. Deku dần trở nên tơi tả sau khi bắt đầu hợp tác với những Siêu Anh hùng hàng đầu… Ư phư phư. Hãy cùng phá hủy cái thế giới khó sống và đáng ghét này hén.\r\n\r\nKohei Horikoshi\r\n\r\n“Cảm ơn các bạn đã mua tập 32! Truyện đã bắt đầu bước vào hồi kết. Lâu hơn tôi nghĩ nhiều. Tôi sẽ tạo ra một đoạn kết thật tuyệt vời để mọi người không hối hận vì đã chọn đọc tác phẩm. Được vậy thì tốt quá, nhỉ? Ủa khoan…”','vi','2023-05-11 05:50:12','2023-05-11 05:50:12',1,0,'https://cdn0.fahasa.com/media/catalog/product/8/9/8935244886115.jpg'),(8,'Bungo Stray Dogs 16',7,5,'2018',22000,'マフィアの元に逃れた与謝野は、過去を静かに語り出す――。\r\n\r\n手掛かりを「神の目」で見つけるため、敦は嘗ての敵・フィッツジェラルドを訪れる。一方、マフィアに身を寄せる与謝野は、森にマフィアへの移籍を打診される。与謝野と森の過去には一体何が…風雲急を告げる16巻!','jp','2023-05-11 05:52:55','2023-05-11 05:52:55',2,0,'https://cdn0.fahasa.com/media/catalog/product/9/7/9784041069363.jpg'),(9,'One-Punch Man - Tập 4: Thiên Thạch Khổng Lồ (Tái Bản 2022)',8,1,'2022',23000,'Câu chuyện diễn ra tại thành phố Z, Nhật Bản. Thế giới đầy quái vật bí ẩn xuất hiện và gây ra nhiều thảm họa. Nhân vật chính Saitama (Onepunch Man), một siêu anh hùng dễ dàng đánh bại các quái vật hay những nhân vật phản diện khác chỉ với một cú đấm.Tuy nhiên, sau khi trở thành quá mạnh, Saitama đã trở nên nhàm chán trong những trận chiến của mình và luôn cố gắng để tìm đối thủ mạnh hơn để chiến đấu.\r\n\r\nTrong cuộc phiêu lưu của mình, anh gặp những người bạn mới, kẻ thù, và đệ tử của riêng mình, Cyborg Genos và gia nhập Hiệp hội Anh hùng để tìm danh tiếng cho mình và thực thi công lý. Mặc dù đánh bại những con quái vật mạnh mẽ nhưng anh không được hiệp hội coi trọng, Saitama phải đấu tranh để có được thứ hạng của mình. Hầu hết mọi người phân biệt đối xử anh do cái đầu hói của mình và một số cho rằng anh là một anh hùng giả mạo. Chỉ có một số nhỏ người công nhận tài năng đáng kinh ngạc của Saitama.\r\n\r\nMã hàng	8935244866599\r\nTên Nhà Cung Cấp	Nhà Xuất Bản Kim Đồng\r\nTác giả	One, Yusuke Murata\r\nNgười Dịch	Barbie Ayumi Ft Mokey King\r\nNXB	Kim Đồng\r\nNăm XB	2022\r\nTrọng lượng (gr)	132\r\nKích Thước Bao Bì	17.6 x 11.3 x 1 cm\r\nSố trang	208\r\nHình thức	Bìa Mềm\r\nGenres	Adventure, Action, Comedy, Sci Fi, Seinen, Drama\r\nSản phẩm bán chạy nhất	Top 100 sản phẩm Manga Khác bán chạy của tháng\r\nGiá sản phẩm trên Fahasa.com đã bao gồm thuế theo luật hiện hành. Bên cạnh đó, tuỳ vào loại sản phẩm, hình thức và địa chỉ giao hàng mà có thể phát sinh thêm chi phí khác như Phụ phí đóng gói, phí vận chuyển, phụ phí hàng cồng kềnh,...\r\nOne-Punch Man - Tập 4: Thiên Thạch Khổng Lồ (Tái Bản 2022)\r\n\r\nCâu chuyện diễn ra tại thành phố Z, Nhật Bản. Thế giới đầy quái vật bí ẩn xuất hiện và gây ra nhiều thảm họa. Nhân vật chính Saitama (Onepunch Man), một siêu anh hùng dễ dàng đánh bại các quái vật hay những nhân vật phản diện khác chỉ với một cú đấm.Tuy nhiên, sau khi trở thành quá mạnh, Saitama đã trở nên nhàm chán trong những trận chiến của mình và luôn cố gắng để tìm đối thủ mạnh hơn để chiến đấu.\r\n\r\nTrong cuộc phiêu lưu của mình, anh gặp những người bạn mới, kẻ thù, và đệ tử của riêng mình, Cyborg Genos và gia nhập Hiệp hội Anh hùng để tìm danh tiếng cho mình và thực thi công lý. Mặc dù đánh bại những con quái vật mạnh mẽ nhưng anh không được hiệp hội coi trọng, Saitama phải đấu tranh để có được thứ hạng của mình. Hầu hết mọi người phân biệt đối xử anh do cái đầu hói của mình và một số cho rằng anh là một anh hùng giả mạo. Chỉ có một số nhỏ người công nhận tài năng đáng kinh ngạc của Saitama.','vi','2023-05-11 05:56:41','2023-05-11 05:56:41',2,0,'https://cdn0.fahasa.com/media/catalog/product/z/3/z3232338630933_dc47cc71ecb7b8441bc678cea25c006d.jpg'),(10,'TOKYO GHOUL TOUKYOUGUURU : 16',10,4,'2019',25000,'トーキョーグール新章、始動。\r\n\r\n多くの犠牲を払った「あんていく」編から2年後の東京。\r\n喰種を駆逐・研究するCCGは、ある一つの命題を果たすため、実験体集団を新設。\r\nその名は「クインクス」。\r\n「まともな人間」ではない彼らと、佐々木琲世一等捜査官が向き合うものとは。\r\n\r\n「なにもできないのは もういやなんだ」“人類総喰種化\"が進む東京。「毒」の根源を絶つために、〔CCG〕と“喰種\"は力を結集して、カネキとアヤトを地下24区へ。そこに立ちはだかる、旧多二福。自身を「この世界」に招き入れた“元凶\"を前に、カネキが望んだこととは…? そして、“東京\"と“喰種\"の未来は──…?\r\n\r\nMã hàng	9784088910505\r\nTên Nhà Cung Cấp	Kinokuniya Book Stores\r\nTác giả	石田 スイ\r\nNXB	Shueisha\r\nNăm XB	2018\r\nNgôn Ngữ	Tiếng Nhật\r\nTrọng lượng (gr)	300\r\nKích Thước Bao Bì	18.2 x 12.8 x 2.4 cm\r\nSố trang	322\r\nHình thức	Bìa Mềm\r\nSản phẩm bán chạy nhất	Top 100 sản phẩm Reading, Anime & Manga Books bán chạy của tháng\r\nGiá sản phẩm trên Fahasa.com đã bao gồm thuế theo luật hiện hành. Bên cạnh đó, tuỳ vào loại sản phẩm, hình thức và địa chỉ giao hàng mà có thể phát sinh thêm chi phí khác như Phụ phí đóng gói, phí vận chuyển, phụ phí hàng cồng kềnh,...\r\n東京喰種 トーキョーグール: re 16 - TOKYO GHOUL TOUKYOUGUURU: 16\r\n\r\nトーキョーグール新章、始動。\r\n\r\n多くの犠牲を払った「あんていく」編から2年後の東京。\r\n喰種を駆逐・研究するCCGは、ある一つの命題を果たすため、実験体集団を新設。\r\nその名は「クインクス」。\r\n「まともな人間」ではない彼らと、佐々木琲世一等捜査官が向き合うものとは。\r\n\r\n「なにもできないのは もういやなんだ」“人類総喰種化\"が進む東京。「毒」の根源を絶つために、〔CCG〕と“喰種\"は力を結集して、カネキとアヤトを地下24区へ。そこに立ちはだかる、旧多二福。自身を「この世界」に招き入れた“元凶\"を前に、カネキが望んだこととは…? そして、“東京\"と“喰種\"の未来は──…?','jp','2023-05-11 05:59:08','2023-05-11 05:59:08',3,0,'https://cdn0.fahasa.com/media/catalog/product/i/m/image_237333.jpg'),(11,'One-Punch Man - Tập 23: Thật-Giả',8,1,'2022',23000,'3 kiếm sĩ đệ tử của Võ Sĩ Hạt Nhân đã tựu kế giúp biệt đội lính đánh thuê của Narinki thoát khỏi sự chi phối của Đại S Công Chúa. Trên đường đào tẩu, cả đám lại đụng độ Ma Tóc Mây!! Kiếm Sĩ Máy Khoan, Kiếm Sĩ Giáp Sắt và Lưỡi Liềm Hifi buộc phải hợp sức chiến đấu mới địch lại hắn. Trong lúc đó, sư phụ của bọn họ là Võ Sĩ Hạt Nhân cũng chạm trán một kì phùng địch thủ đáng gờm…\r\n\r\nOne\r\n\r\n“Tôi đang xem phim trên nền tảng trực tuyến. Ở đây có hàng ngàn tác phẩm thú vị…”\r\n\r\nMã hàng	8935244886252\r\nĐộ Tuổi	16+\r\nTên Nhà Cung Cấp	Nhà Xuất Bản Kim Đồng\r\nTác giả	One, Yusuke Murata\r\nNgười Dịch	Barbie Ayumi, Mokey King\r\nNXB	Kim Đồng\r\nNăm XB	2023\r\nNgôn Ngữ	Tiếng Việt\r\nTrọng lượng (gr)	128\r\nKích Thước Bao Bì	17.6 x 11.3 cm\r\nSố trang	224\r\nHình thức	Bìa Mềm\r\nGenres	Adventure, Action, Comedy, Sci Fi, Seinen, Drama\r\nSản phẩm bán chạy nhất	Top 100 sản phẩm Manga Khác bán chạy của tháng\r\nGiá sản phẩm trên Fahasa.com đã bao gồm thuế theo luật hiện hành. Bên cạnh đó, tuỳ vào loại sản phẩm, hình thức và địa chỉ giao hàng mà có thể phát sinh thêm chi phí khác như Phụ phí đóng gói, phí vận chuyển, phụ phí hàng cồng kềnh,...\r\nOne-Punch Man - Tập 23: Thật - Giả - Tặng Kèm Bookmark PVC Saitama\r\n\r\n3 kiếm sĩ đệ tử của Võ Sĩ Hạt Nhân đã tựu kế giúp biệt đội lính đánh thuê của Narinki thoát khỏi sự chi phối của Đại S Công Chúa. Trên đường đào tẩu, cả đám lại đụng độ Ma Tóc Mây!! Kiếm Sĩ Máy Khoan, Kiếm Sĩ Giáp Sắt và Lưỡi Liềm Hifi buộc phải hợp sức chiến đấu mới địch lại hắn. Trong lúc đó, sư phụ của bọn họ là Võ Sĩ Hạt Nhân cũng chạm trán một kì phùng địch thủ đáng gờm…\r\n\r\nOne\r\n\r\n“Tôi đang xem phim trên nền tảng trực tuyến. Ở đây có hàng ngàn tác phẩm thú vị…”','vi','2023-05-11 06:01:49','2023-05-11 06:01:49',2,0,'https://cdn0.fahasa.com/media/catalog/product/o/n/one_punch_man_-_tap_23_-_that_-_gia_2.jpg'),(12,'Miền Đất Hứa - The Promised Neverland - Tập 11',11,6,'2019',34000,'Leuvis, kẻ địch áp đảo hoàn toàn về sức mạnh, đang đứng trước mặt bọn trẻ. Trong tình thế tiến thoái lưỡng nan, Emma và đồng đội vẫn chiến đấu hết mình với niềm tin chiến thắng. Trận chiến quyết định ở bãi săn cuối cùng cũng đi tới hồi kết!\r\n\r\nHỡi những đứa trẻ không có tương lai, hãy đứng lên đối đầu với tuyệt vọng! Cuộc vượt ngục cam go sẽ đi đến đâu!?','vi','2023-05-11 06:05:58','2023-05-11 06:05:58',3,0,'https://cdn0.fahasa.com/media/catalog/product/n/e/neverland-11---bia1-trang.jpg'),(13,'Junji Ito\'s Cat Diary: Yon & Mu Collector\'s Edition',13,3,'2019',240000,'Is there anything spookier than a silent feline, eyes glinting, stalking you in the night...IN YOUR OWN HOME?? Master of horror Junji Ito turns his twisted eye on his own life in this comedic graphic memoir about becoming a cat owner, now reissued in a deluxe hardcover featuring an exclusive interivew with Ito and a NEW cover illustration by the author that GLOWS IN THE DARK! The perfect gift for the slightly-twisted cat lover in your life.\r\n\r\nReigning king of horror manga Junji Ito presents a series of hissterical tales chronicling his real-life trials and tribulations of becoming a cat owner. Junji Ito, as J-kun, has recently built a new house and has invited his financée, A-ko, to live with him. Little did he know...his blushing bride-to-be has some unexpected company in tow--Yon, a ghastly-looking family cat, and Mu, an adorable Norwegian forest cat. Despite being a dog person, J-kun finds himself purrsuaded by their odd cuteness and thus begins his comedic struggle to gain the affection of his new feline friends.\r\n\r\nMã hàng	9781646512515\r\nTên Nhà Cung Cấp	Kinokuniya Book Stores\r\nTác giả	Junji Ito\r\nNXB	Kodansha Comics\r\nNăm XB	2021\r\nNgôn Ngữ	Tiếng Anh\r\nTrọng lượng (gr)	516\r\nKích Thước Bao Bì	26.1 x 18.5 x 1.6 cm\r\nSố trang	128\r\nHình thức	Bìa Cứng\r\nSản phẩm bán chạy nhất	Top 100 sản phẩm Graphic Novels: Manga bán chạy của tháng\r\nGiá sản phẩm trên Fahasa.com đã bao gồm thuế theo luật hiện hành. Bên cạnh đó, tuỳ vào loại sản phẩm, hình thức và địa chỉ giao hàng mà có thể phát sinh thêm chi phí khác như Phụ phí đóng gói, phí vận chuyển, phụ phí hàng cồng kềnh,...\r\nJunji Ito\'s Cat Diary: Yon & Mu Collector\'s Edition\r\n\r\nIs there anything spookier than a silent feline, eyes glinting, stalking you in the night...IN YOUR OWN HOME?? Master of horror Junji Ito turns his twisted eye on his own life in this comedic graphic memoir about becoming a cat owner, now reissued in a deluxe hardcover featuring an exclusive interivew with Ito and a NEW cover illustration by the author that GLOWS IN THE DARK! The perfect gift for the slightly-twisted cat lover in your life.\r\n\r\nReigning king of horror manga Junji Ito presents a series of hissterical tales chronicling his real-life trials and tribulations of becoming a cat owner. Junji Ito, as J-kun, has recently built a new house and has invited his financée, A-ko, to live with him. Little did he know...his blushing bride-to-be has some unexpected company in tow--Yon, a ghastly-looking family cat, and Mu, an adorable Norwegian forest cat. Despite being a dog person, J-kun finds himself purrsuaded by their odd cuteness and thus begins his comedic struggle to gain the affection of his new feline friends.','en','2023-05-11 06:08:05','2023-05-11 06:08:05',3,0,'https://cdn0.fahasa.com/media/catalog/product/9/7/9781646512515.jpg'),(14,'Chainsaw Man 1',14,7,'2019',35000,'Denji was a small-time devil hunter just trying to survive in a harsh world. After being killed on a job, he is revived by his pet devil Pochita and becomes something new and dangerous—Chainsaw Man!\r\n\r\nDenji’s a poor young man who’ll do anything for money, even hunting down devils with his pet devil Pochita. He’s a simple man with simple dreams, drowning under a mountain of debt. But his sad life gets turned upside down one day when he’s betrayed by someone he trusts. Now with the power of a devil inside him, Denji’s become a whole new man—Chainsaw Man!','en','2023-05-11 06:10:47','2023-05-11 06:10:47',3,0,'https://cdn0.fahasa.com/media/catalog/product/9/7/9781974709939.jpg'),(15,'Sword Art Online 16',15,8,'2018',68000,'Dời trọng tâm khỏi kiếm kĩ, theo đuổi lý luận về tâm ý, không có anh hùng cứu mỹ nhân, Eugeo rời sân quá sớm, cách xây dựng Alice… là vài trong số nhiều chủ đề hay được bàn luận trái chiều về arc Alicization.\r\n\r\nNhưng mà sau tất cả, không thể phủ nhận đây là một phần truyện giàu sức tưởng tượng, diễn giải tâm huyết, nội dung sâu rộng, và ấp ủ cả hi vọng của tác giả dù không viết rõ ra.\r\n\r\nAlicization trải ra với chiều dài đầu tư chưa từng thấy trong cả bộ, phải chăng ở đây mới ẩn chứa thứ “sword art” thực sự của Kawahara?\r\n\r\nNếu có thì thứ “Sword art” ấy mang hình hài nào?\r\n\r\nKhông khó nhận ra, đó là tâm ý. Cái mà trong giới tu tập võ nghệ người ta gọi là vô chiêu thắng hữu chiêu, kiếm ý hơn kiếm kĩ.\r\n\r\nTâm ý này được thể hiện rất trực quan trong Vol. 16, qua trận chiến dữ dội mà ngày sau người ta gọi là Đại chiến Underworld. Ở đây sẽ có quyền đấu sĩ dùng thịt da chấn gãy binh khí, có người khổng lồ dùng năng lượng căm thù trấn áp kiếm pháp siêu quần của hiệp sĩ, và nhất là có trí tuệ con người ẩn trong hình dạng á nhân bắt đầu vượt lên thân xác tầm thường để kiếm tìm tự do tồn tại…\r\n\r\nĐằng sau khung cảnh chiến trận dữ dội ấy là một Kirito vẫn trầm cảm ngồi trên xe lăn, nhưng khát khao bảo vệ con người tỏa ra từ trái tim cậu đang tiếp sức và kêu gọi rất nhiều bạn bè người quen tìm đến, tiếp tục sứ mệnh cậu đang làm dở.\r\n\r\nTrong đó tất nhiên không thể thiếu Asuna, đăng nhập vào UW bằng siêu tài khoản nữ thần sáng thế…\r\n\r\nMã hàng	8935250703932\r\nTên Nhà Cung Cấp	IPM\r\nTác giả	Reki Kawahara\r\nNgười Dịch	Mỹ Trinh\r\nNXB	NXB Hà Nội\r\nNăm XB	2020\r\nNgôn Ngữ	Tiếng Việt\r\nTrọng lượng (gr)	200\r\nKích Thước Bao Bì	18 x 13 x 2.1 cm\r\nSố trang	424\r\nHình thức	Bìa Mềm\r\nSản phẩm hiển thị trong	\r\nSword Art Online\r\nSản phẩm bán chạy nhất	Top 100 sản phẩm Light Novel bán chạy của tháng\r\nGiá sản phẩm trên Fahasa.com đã bao gồm thuế theo luật hiện hành. Bên cạnh đó, tuỳ vào loại sản phẩm, hình thức và địa chỉ giao hàng mà có thể phát sinh thêm chi phí khác như Phụ phí đóng gói, phí vận chuyển, phụ phí hàng cồng kềnh,...\r\nDời trọng tâm khỏi kiếm kĩ, theo đuổi lý luận về tâm ý, không có anh hùng cứu mỹ nhân, Eugeo rời sân quá sớm, cách xây dựng Alice… là vài trong số nhiều chủ đề hay được bàn luận trái chiều về arc Alicization.\r\n\r\nNhưng mà sau tất cả, không thể phủ nhận đây là một phần truyện giàu sức tưởng tượng, diễn giải tâm huyết, nội dung sâu rộng, và ấp ủ cả hi vọng của tác giả dù không viết rõ ra.\r\n\r\nAlicization trải ra với chiều dài đầu tư chưa từng thấy trong cả bộ, phải chăng ở đây mới ẩn chứa thứ “sword art” thực sự của Kawahara?\r\n\r\nNếu có thì thứ “Sword art” ấy mang hình hài nào?\r\n\r\nKhông khó nhận ra, đó là tâm ý. Cái mà trong giới tu tập võ nghệ người ta gọi là vô chiêu thắng hữu chiêu, kiếm ý hơn kiếm kĩ.\r\n\r\nTâm ý này được thể hiện rất trực quan trong Vol. 16, qua trận chiến dữ dội mà ngày sau người ta gọi là Đại chiến Underworld. Ở đây sẽ có quyền đấu sĩ dùng thịt da chấn gãy binh khí, có người khổng lồ dùng năng lượng căm thù trấn áp kiếm pháp siêu quần của hiệp sĩ, và nhất là có trí tuệ con người ẩn trong hình dạng á nhân bắt đầu vượt lên thân xác tầm thường để kiếm tìm tự do tồn tại…\r\n\r\nĐằng sau khung cảnh chiến trận dữ dội ấy là một Kirito vẫn trầm cảm ngồi trên xe lăn, nhưng khát khao bảo vệ con người tỏa ra từ trái tim cậu đang tiếp sức và kêu gọi rất nhiều bạn bè người quen tìm đến, tiếp tục sứ mệnh cậu đang làm dở.\r\n\r\nTrong đó tất nhiên không thể thiếu Asuna, đăng nhập vào UW bằng siêu tài khoản nữ thần sáng thế…','vi','2023-05-11 06:13:45','2023-05-11 06:13:45',4,5,'https://cdn0.fahasa.com/media/catalog/product/i/m/image_195509_1_41063.jpg'),(16,'Sword Art Online (Tập 5) - Phantom Bullet',15,8,'2016',40000,'Một năm đã trôi qua kể từ \"sự cố SAO\".\r\n\r\nMột ngày nọ, Kirito bất ngờ nhận được một yêu cầu kì lạ từ Kikuoka Seijiro thuộc \"Phòng Quản lí Thế giới ảo\".\r\n\r\nTrong thế giới của sắt thép và súng đạn VRMMO “Gun Gale Online (GGO)\" bỗng xảy ra sự kiện \"Tay Súng Tử Thần\". Game thủ bị kẻ bí ẩn cầm súng đen bắn trúng trong trò chơi cũng sẽ chết ở thế giới thực… Kirito không thể từ chối, đành đồng ý hỗ trợ điều tra. Dù khá nghi ngờ chuyện thế giới ảo có thể sinh ra tác động vật lí lên thế giới thực, cậu vẫn đăng nhập vào GGO.\r\n\r\nTrong lúc đang loay hoay giữa một nơi hoàn toàn xa lạ tìm kiếm manh mối liên quan đến Tay Súng Tử Thần, Kirito đã nhận được sự giúp đỡ của Sinon - một game thủ nữ sử dụng khẩu súng bắn tỉa \"Hecate II\".\r\n\r\nMột câu chuyện mới lại bắt đầu!\r\n\r\nMã hàng	8935250700177\r\nTên Nhà Cung Cấp	IPM\r\nTác giả	Reki Kawahara\r\nNXB	NXB Văn Học\r\nNăm XB	2016\r\nTrọng lượng (gr)	300\r\nKích Thước Bao Bì	13 x 18 x 1.9\r\nSố trang	376\r\nHình thức	Bìa Mềm\r\nSản phẩm hiển thị trong	\r\nIPM\r\nSword Art Online\r\nSản phẩm bán chạy nhất	Top 100 sản phẩm Light Novel bán chạy của tháng\r\nGiá sản phẩm trên Fahasa.com đã bao gồm thuế theo luật hiện hành. Bên cạnh đó, tuỳ vào loại sản phẩm, hình thức và địa chỉ giao hàng mà có thể phát sinh thêm chi phí khác như Phụ phí đóng gói, phí vận chuyển, phụ phí hàng cồng kềnh,...\r\nSword Art Online (Tập 5) - Phantom Bullet\r\n\r\nMột năm đã trôi qua kể từ \"sự cố SAO\".\r\n\r\nMột ngày nọ, Kirito bất ngờ nhận được một yêu cầu kì lạ từ Kikuoka Seijiro thuộc \"Phòng Quản lí Thế giới ảo\".\r\n\r\nTrong thế giới của sắt thép và súng đạn VRMMO “Gun Gale Online (GGO)\" bỗng xảy ra sự kiện \"Tay Súng Tử Thần\". Game thủ bị kẻ bí ẩn cầm súng đen bắn trúng trong trò chơi cũng sẽ chết ở thế giới thực… Kirito không thể từ chối, đành đồng ý hỗ trợ điều tra. Dù khá nghi ngờ chuyện thế giới ảo có thể sinh ra tác động vật lí lên thế giới thực, cậu vẫn đăng nhập vào GGO.\r\n\r\nTrong lúc đang loay hoay giữa một nơi hoàn toàn xa lạ tìm kiếm manh mối liên quan đến Tay Súng Tử Thần, Kirito đã nhận được sự giúp đỡ của Sinon - một game thủ nữ sử dụng khẩu súng bắn tỉa \"Hecate II\".\r\n\r\nMột câu chuyện mới lại bắt đầu!','vi','2023-05-11 06:16:57','2023-05-11 06:16:57',4,0,'https://cdn0.fahasa.com/media/catalog/product/8/9/8935250700177_3.jpg'),(17,'Sword Art Online Aincrad 002',15,6,'2018',58000,'Đây vẫn là game, nhưng vẫn không phải trò chơi.\r\n\r\nTập 2 xoay quanh nhân vật chính Kirito và các cuộc gặp gỡ nhiều dấu ấn của cậu.\r\n\r\nTuy cương quyết làm game thủ solo trong trò chơi tử thần Sword Art Online, nhưng bằng tính cách thu hút và tài năng đặc biệt của mình, Kirito vẫn gặp được những con người thú vị hoặc tuyệt vời suốt hành trình phá đảo.\r\n\r\nTrong SAO, ngoài Kirito và nhóm tấn công ra, còn có rất nhiều người chơi khác nữa. Họ tham gia hoạt động ở các ngành nghề đa dạng, và hỗ trợ đội ngũ chiến binh nơi tiền tuyến bằng chuyên môn và sở trường của mình. Tuy không thể đăng xuất, bắt buộc phải tồn tại trong thế giới trò chơi tàn khốc này, nhưng họ vẫn sống một cách sôi nổi, hăng hái và chấp nhận thách thức, có rơi nước mắt nhưng cũng có nụ cười. Chẳng hạn như Silica giỏi thuần hóa thú, Lisbeth chuyên rèn binh khí, hay Sachi một thiếu nữ mà Kirito không thể nào quên...\r\n\r\nCâu chuyện này mở ra cuộc gặp gỡ của Kirito với họ, cùng những kỉ niệm đẹp đẽ mà họ để lại khi hai bên đi ngang qua đời nhau.\r\n\r\nMã hàng	8935250706216\r\nTên Nhà Cung Cấp	IPM\r\nTác giả	Reki Kawahara\r\nNgười Dịch	Bảo Nam\r\nNXB	NXB Hồng Đức\r\nNăm XB	2021\r\nNgôn Ngữ	Tiếng Việt\r\nTrọng lượng (gr)	400\r\nKích Thước Bao Bì	18 x 13 x 2.2 cm\r\nSố trang	376\r\nHình thức	Bìa Mềm\r\nSản phẩm hiển thị trong	\r\nIPM\r\nSản phẩm bán chạy nhất	Top 100 sản phẩm Light Novel bán chạy của tháng\r\nGiá sản phẩm trên Fahasa.com đã bao gồm thuế theo luật hiện hành. Bên cạnh đó, tuỳ vào loại sản phẩm, hình thức và địa chỉ giao hàng mà có thể phát sinh thêm chi phí khác như Phụ phí đóng gói, phí vận chuyển, phụ phí hàng cồng kềnh,...\r\nĐây vẫn là game, nhưng vẫn không phải trò chơi.\r\n\r\nTập 2 xoay quanh nhân vật chính Kirito và các cuộc gặp gỡ nhiều dấu ấn của cậu.\r\n\r\nTuy cương quyết làm game thủ solo trong trò chơi tử thần Sword Art Online, nhưng bằng tính cách thu hút và tài năng đặc biệt của mình, Kirito vẫn gặp được những con người thú vị hoặc tuyệt vời suốt hành trình phá đảo.\r\n\r\nTrong SAO, ngoài Kirito và nhóm tấn công ra, còn có rất nhiều người chơi khác nữa. Họ tham gia hoạt động ở các ngành nghề đa dạng, và hỗ trợ đội ngũ chiến binh nơi tiền tuyến bằng chuyên môn và sở trường của mình. Tuy không thể đăng xuất, bắt buộc phải tồn tại trong thế giới trò chơi tàn khốc này, nhưng họ vẫn sống một cách sôi nổi, hăng hái và chấp nhận thách thức, có rơi nước mắt nhưng cũng có nụ cười. Chẳng hạn như Silica giỏi thuần hóa thú, Lisbeth chuyên rèn binh khí, hay Sachi một thiếu nữ mà Kirito không thể nào quên...\r\n\r\nCâu chuyện này mở ra cuộc gặp gỡ của Kirito với họ, cùng những kỉ niệm đẹp đẽ mà họ để lại khi hai bên đi ngang qua đời nhau.','vi','2023-05-11 06:18:16','2023-05-11 06:18:16',4,0,'https://cdn0.fahasa.com/media/catalog/product/s/a/sao-2-b_ath_ng-tin-t_i-b_n-sao-_1_.jpg'),(18,'Sword Art Online 007 - Mother’s Rosario',15,8,'2019',85000,'Vụ việc Tay Súng Tử Thần đã trôi qua được vài tuần…\r\n\r\nTrong ALfhelm Online, một VRMMO thế hệ mới cho phép người chơi nhập vai các tinh linh biết bay, bỗng dưng xảy ra một chuyện lạ lùng. Tại phía bắc phố chính tầng 24 của thành nổi Aincrad ở vùng đất mới này, bỗng dưng xuất hiện một nhân vật bí hiểm. Nhân vật đó có biệt danh Tuyệt Kiếm, tự sáng tạo ra một Kiếm kĩ Nguyên bản và đem nó làm giải thưởng thách đấu tay đôi với các người chơi khác. Cuối cùng đánh bại tất cả bọn họ, thậm chí đánh bại cả Hắc kiếm sĩ Kirito. Asuna cũng khiêu chiến với Tuyệt Kiếm, nhưng cũng thất bại, dù chỉ trong gang tấc.\r\n\r\nĐiều đáng ngạc nhiên là, khi trận quyết đấu kết thúc, Tuyệt Kiếm lại mời Asuna party với mình.\r\n\r\nThật ra, đằng sau những đường kiếm mạnh mẽ của nhân vật đáng gờm ấy, lại ẩn giấu một bí mật.\r\n\r\nMother’s Rosario, cứ thế bắt đầu!\r\n\r\nPhát hành dự kiến HN: 25/5/2017 tại Sài Gòn 30/5/2017\r\n\r\n(các tỉnh xa phụ thuộc vào hệ thống phân phối)\r\n\r\nMã hàng	8935250700801\r\nTên Nhà Cung Cấp	IPM\r\nTác giả	Reki Kawahara\r\nNgười Dịch	Kiều My\r\nNXB	NXB Văn Học\r\nNăm XB	02-2017\r\nTrọng lượng (gr)	550\r\nKích Thước Bao Bì	13 x 18 x 1.8\r\nSố trang	380\r\nHình thức	Bìa Mềm\r\nSản phẩm hiển thị trong	\r\nIPM\r\nSword Art Online\r\nSản phẩm bán chạy nhất	Top 100 sản phẩm Light Novel bán chạy của tháng\r\nGiá sản phẩm trên Fahasa.com đã bao gồm thuế theo luật hiện hành. Bên cạnh đó, tuỳ vào loại sản phẩm, hình thức và địa chỉ giao hàng mà có thể phát sinh thêm chi phí khác như Phụ phí đóng gói, phí vận chuyển, phụ phí hàng cồng kềnh,...\r\nSword Art Online 007 - Mother’s Rosario\r\n\r\nVụ việc Tay Súng Tử Thần đã trôi qua được vài tuần…\r\n\r\nTrong ALfhelm Online, một VRMMO thế hệ mới cho phép người chơi nhập vai các tinh linh biết bay, bỗng dưng xảy ra một chuyện lạ lùng. Tại phía bắc phố chính tầng 24 của thành nổi Aincrad ở vùng đất mới này, bỗng dưng xuất hiện một nhân vật bí hiểm. Nhân vật đó có biệt danh Tuyệt Kiếm, tự sáng tạo ra một Kiếm kĩ Nguyên bản và đem nó làm giải thưởng thách đấu tay đôi với các người chơi khác. Cuối cùng đánh bại tất cả bọn họ, thậm chí đánh bại cả Hắc kiếm sĩ Kirito. Asuna cũng khiêu chiến với Tuyệt Kiếm, nhưng cũng thất bại, dù chỉ trong gang tấc.\r\n\r\nĐiều đáng ngạc nhiên là, khi trận quyết đấu kết thúc, Tuyệt Kiếm lại mời Asuna party với mình.\r\n\r\nThật ra, đằng sau những đường kiếm mạnh mẽ của nhân vật đáng gờm ấy, lại ẩn giấu một bí mật.\r\n\r\nMother’s Rosario, cứ thế bắt đầu!','vi','2023-05-11 06:22:04','2023-05-11 06:22:04',4,0,'https://cdn0.fahasa.com/media/catalog/product/8/9/8935250700801_1_1.jpg'),(19,'Given 1',16,9,'2014',82000,'奥まで刺さって、ぬける気がしない。\r\n\r\n真冬の声は、狂気で凶器だ。\r\n\r\n好きだったはずのギターも、\r\n\r\nおもしろかったはずのバスケも、\r\n\r\nくすんで見え始めたある日。\r\n\r\n上ノ山(うえのやま)は、 壊れたギターを抱えた真冬(まふゆ)と出会う。\r\n\r\nギターを修理してやったら、途端に懐かれるが、\r\n\r\n偶然聴いた真冬の歌が、上ノ山に刺さって――。\r\n\r\nキヅナツキが描く、裸のオルタナティヴ・ラブ!\r\n\r\nMã hàng	9784403664496\r\nTên Nhà Cung Cấp	Kinokuniya Book Stores\r\nTác giả	キヅ ナツキ\r\nNXB	Shinshokan\r\nNăm XB	2014\r\nNgôn Ngữ	Tiếng Nhật\r\nTrọng lượng (gr)	300\r\nKích Thước Bao Bì	18.2 x 12.8 x 1.5 cm\r\nSố trang	179\r\nHình thức	Bìa Mềm\r\nSản phẩm bán chạy nhất	Top 100 sản phẩm Reading, Anime & Manga Books bán chạy của tháng\r\nGiá sản phẩm trên Fahasa.com đã bao gồm thuế theo luật hiện hành. Bên cạnh đó, tuỳ vào loại sản phẩm, hình thức và địa chỉ giao hàng mà có thể phát sinh thêm chi phí khác như Phụ phí đóng gói, phí vận chuyển, phụ phí hàng cồng kềnh,...\r\nギヴン 1 - Given 1\r\n\r\n奥まで刺さって、ぬける気がしない。\r\n\r\n真冬の声は、狂気で凶器だ。\r\n\r\n好きだったはずのギターも、\r\n\r\nおもしろかったはずのバスケも、\r\n\r\nくすんで見え始めたある日。\r\n\r\n上ノ山(うえのやま)は、 壊れたギターを抱えた真冬(まふゆ)と出会う。\r\n\r\nギターを修理してやったら、途端に懐かれるが、\r\n\r\n偶然聴いた真冬の歌が、上ノ山に刺さって――。\r\n\r\nキヅナツキが描く、裸のオルタナティヴ・ラブ!','jp','2023-05-11 06:24:21','2023-05-11 06:24:21',5,0,'https://cdn0.fahasa.com/media/catalog/product/9/7/9784403664496.jpg'),(20,'Given 5',16,9,'2019',84000,'フェス出場をかけた二日間のライブ予選がはじまった。秋彦と春樹と雨月の軋んだ恋と、フェス予選。すべてが真冬の歌に引き寄せられるーー!!大人三人の恋の行方が描かれる、話題のオルタナティヴ・ラブ最新巻！','jp','2023-05-11 06:25:47','2023-05-11 06:25:47',5,0,'https://cdn0.fahasa.com/media/catalog/product/9/7/9784403666742.jpg'),(21,'HORIMIYA - Tập 16',17,6,'2022',30000,'Câu chuyện thanh xuân nhẹ nhàng, giản đơn mà thú vị!\r\n\r\nCuối cùng, Hori và các bạn cũng tốt nghiệp, chuẩn bị rời xa ngôi trường chất chứa bao vấn vương lưu luyến và những thấp thỏm tuổi thanh xuân. Hít một hơi, lồng ngực liền đầy ắp nỗi bồi hồi, luyến tiếc không rời.\r\n\r\nTạm biệt, mái trường thân thương với những cơ duyên diệu kì. Tạm biệt, tháng ngày bên nhau tưởng chừng hiển nhiên. Mời các bạn thưởng thức tập cuối của Horimiya!\r\n\r\n_____________\r\n\r\nKỉ niệm khép lại chặng đường dài 16 tập của HORIMIYA, IPM hân hạnh được ra mắt độc giả phiên bản BOXSET GIỚI HẠN cho tập 16 với rất nhiều hình ảnh mới, mua từ tạp chí Monthly G Fantasy! Cảm ơn các độc giả đã đồng hành cùng HORIMIYA đến cuối chặng đường tại Việt Nam!\r\n\r\nMã hàng	8935250707510\r\nTên Nhà Cung Cấp	IPM\r\nTác giả	HERO, Hagiwara Daisuke\r\nNXB	Hồng Đức\r\nNăm XB	2022\r\nNgôn Ngữ	Tiếng Việt\r\nTrọng lượng (gr)	500\r\nKích Thước Bao Bì	18 x 13 cm\r\nSố trang	186\r\nHình thức	Bìa Mềm\r\nGenres	Adventure, Shounen, Slice of Life, Romance, School Life\r\nSản phẩm bán chạy nhất	Top 100 sản phẩm Manga Khác bán chạy của tháng\r\nGiá sản phẩm trên Fahasa.com đã bao gồm thuế theo luật hiện hành. Bên cạnh đó, tuỳ vào loại sản phẩm, hình thức và địa chỉ giao hàng mà có thể phát sinh thêm chi phí khác như Phụ phí đóng gói, phí vận chuyển, phụ phí hàng cồng kềnh,...\r\nCâu chuyện thanh xuân nhẹ nhàng, giản đơn mà thú vị!\r\n\r\nCuối cùng, Hori và các bạn cũng tốt nghiệp, chuẩn bị rời xa ngôi trường chất chứa bao vấn vương lưu luyến và những thấp thỏm tuổi thanh xuân. Hít một hơi, lồng ngực liền đầy ắp nỗi bồi hồi, luyến tiếc không rời.\r\n\r\nTạm biệt, mái trường thân thương với những cơ duyên diệu kì. Tạm biệt, tháng ngày bên nhau tưởng chừng hiển nhiên. Mời các bạn thưởng thức tập cuối của Horimiya!\r\n\r\n_____________\r\n\r\nKỉ niệm khép lại chặng đường dài 16 tập của HORIMIYA, IPM hân hạnh được ra mắt độc giả phiên bản BOXSET GIỚI HẠN cho tập 16 với rất nhiều hình ảnh mới, mua từ tạp chí Monthly G Fantasy! Cảm ơn các độc giả đã đồng hành cùng HORIMIYA đến cuối chặng đường tại Việt Nam!','vi','2023-05-11 06:32:30','2023-05-11 06:32:30',5,0,'https://cdn0.fahasa.com/media/catalog/product/h/o/horimiya-16_ban-thuong_dac-biet---bia-1.jpg'),(22,'Orange - Lá Thư Từ Tương Lai - Tập 1',18,1,'2021',52000,'Con người ai cũng có những lúc phạm phải sai lầm. Nhưng có người muốn vượt qua những sai lầm ấy, tiến về tương lai, và có những người lại muốn quay về quá khứ để sửa chữa những điều mình đã gây ra…\r\n\r\nCâu chuyện bắt đầu từ một lá thư kì lạ gửi tới cho Takamiya Naho vào đúng ngày khai giảng. Người gửi là chính cô của tương lai 10 năm sau. Nội dung bức thư nói về những chuyện sắp xảy đến khiến cô sẽ phải ân hận suốt cuộc đời. Để tránh cho mình khỏi lặp lại sai lầm đó, và để cứu Kakeru, người ban mới chuyển trường, Naho đã hành động như thế nào? Mọi nỗ lực thay đổi tương lai của cô có đem lại kết quả như ý muốn?\r\n\r\nOrange - Shoujo Manga xuất sắc của tác giả Takano Ichigo, câu chuyện xúc động về tình bạn, tình yêu ấy đã khiến biết bao trái tim của độc giả phải thổn thức. Cho đến nay, Orange đã bán được hơn 5 triệu bản, được dựng Anime, phim truyền hình và tiểu thuyết.\r\n','vi','2023-05-11 06:37:45','2023-05-11 06:37:45',5,0,'https://cdn0.fahasa.com/media/catalog/product/o/r/orange_tap-6.jpg'),(23,'Về Chuyện Tôi Chuyển Sinh Thành Slime Tập 11',19,3,'2021',37000,'限定版 転生したらスライムだった件 11巻　ラバーストラップ＆SS小冊子付き特装版　伏瀬 みっつばー 特典 イラストカード　ポストです。','jp','2023-05-11 06:40:31','2023-05-11 06:40:31',6,0,'https://cdn0.fahasa.com/media/catalog/product/i/m/image_206039.jpg'),(24,'Chuyển Sinh Làm Người Sói, Tôi Trở Thành Cánh Tay Phải Của Ma Vương - Tập 1',20,6,'2021',86000,'Nếu được lựa chọn đầu thai ở một kiếp khác, liệu bạn có còn muốn làm một con người nhỏ bé yếu đuối và tiếp tục sống ở thế giới hiện tại?\r\n\r\nCâu trả lời của Vaito là không.\r\n\r\n“Tôi không nhớ lắm về chuyện kiếp trước, mà cũng cảm thấy không cần phải nhớ. Tên tôi bây giờ là Vaito. Hiện tại, tôi thuộc về Ma tộc. Phó sư đoàn số ba, quân đội Ma vương – đó chính là thân phận hiện tại của tôi…”\r\n\r\nVaito là một chàng trai vô cùng bình thường, nhưng sau khi chết đã lựa chọn chuyển sinh đến một thế giới hoàn toàn xa lạ. Cũng chính tại thế giới này, Vaito đã tái sinh lại thành một người sói, thậm chí còn được người đứng đầu Ma tộc giao cho nhiệm vụ quan trọng nhất,  đó là chiếm đóng và bảo vệ thành phố thương mại Ryun Height.\r\n\r\nThế nhưng đây lại là một thành phố của Con người… Làm thế nào để Vaito – một kẻ nay đã thuộc về Ma tộc có thể cai trị được con người mà không vấp phải sự chống đối? Đó là chưa kể đến những thuộc hạ dưới quyền đang ngày đêm bất mãn với cách chỉ huy của cậu?\r\n\r\nDưới hàng loạt những sức ép vô hình, Vaito đã bị cuốn vào hết khó khăn này đến khó khăn khác. Nhưng bằng sự dũng mãnh của người sói, cùng sự giúp đỡ từ đồng đội, đặc biệt là cô gái loài người xinh đẹp và thông minh Airia, Vaito đã vượt qua tất cả, thậm chí còn giành được sự tín nhiệm của người đứng đầu ma tộc – Ma vương.\r\n\r\nThế nhưng, khi mà tưởng như từ nay về sau sẽ chẳng còn điều gì có thể gây khó dễ cho Vaito được nữa, thì bỗng nhiên thân phận thực sự cùng phần ký ức khi còn là con người của cậu lại được Ma vương nhắc đến kèm theo một bí mật động trời…\r\n\r\nSự thật ẩn giấu từ kiếp trước của Vaito là gì?\r\n\r\nMục đích thực sự của Ma vương cuối cùng sẽ đi về đâu?\r\n\r\nLiệu Vaito còn có thể là một thủ hạ trung thành khi mà sợ dây gắn kết giữa cậu và Ma tộc bỗng trở nên mong manh?\r\n\r\nHãy cùng dõi theo cuộc hành trình hấp dẫn đến nghẹt thở ấy trong “Chuyển sinh làm người Sói, tôi trở thành cánh tay phải của Ma vương” của nhà văn Hyogetsu. Với cốt truyện độc đáo cùng phần minh họa xuất sắc của họa sĩ lừng danh Nishi(E)da, series light novel “Chuyển sinh làm người Sói, tôi trở thành cánh tay phải của Ma vương” sẽ đưa bạn vào những trang sách kỳ diệu, tựa như cánh cửa mở đến một thế giới phép thuật rực rỡ nhưng cũng đầy bí ẩn.\r\n\r\nMã hàng	9786045657089\r\nTên Nhà Cung Cấp	Skybooks\r\nTác giả	Hyougetsu, Nishi(E)da\r\nNgười Dịch	Dương Nguyên\r\nNXB	NXB Phụ Nữ\r\nNăm XB	2019\r\nTrọng lượng (gr)	400\r\nKích Thước Bao Bì	13 x 18\r\nSố trang	402\r\nHình thức	Bìa Mềm\r\nSản phẩm bán chạy nhất	Top 100 sản phẩm Light Novel bán chạy của tháng\r\nGiá sản phẩm trên Fahasa.com đã bao gồm thuế theo luật hiện hành. Bên cạnh đó, tuỳ vào loại sản phẩm, hình thức và địa chỉ giao hàng mà có thể phát sinh thêm chi phí khác như Phụ phí đóng gói, phí vận chuyển, phụ phí hàng cồng kềnh,...\r\nChuyển Sinh Làm Người Sói, Tôi Trở Thành Cánh Tay Phải Của Ma Vương - Tập 1\r\n\r\nNếu được lựa chọn đầu thai ở một kiếp khác, liệu bạn có còn muốn làm một con người nhỏ bé yếu đuối và tiếp tục sống ở thế giới hiện tại?\r\n\r\nCâu trả lời của Vaito là không.\r\n\r\n“Tôi không nhớ lắm về chuyện kiếp trước, mà cũng cảm thấy không cần phải nhớ. Tên tôi bây giờ là Vaito. Hiện tại, tôi thuộc về Ma tộc. Phó sư đoàn số ba, quân đội Ma vương – đó chính là thân phận hiện tại của tôi…”\r\n\r\nVaito là một chàng trai vô cùng bình thường, nhưng sau khi chết đã lựa chọn chuyển sinh đến một thế giới hoàn toàn xa lạ. Cũng chính tại thế giới này, Vaito đã tái sinh lại thành một người sói, thậm chí còn được người đứng đầu Ma tộc giao cho nhiệm vụ quan trọng nhất,  đó là chiếm đóng và bảo vệ thành phố thương mại Ryun Height.\r\n\r\nThế nhưng đây lại là một thành phố của Con người… Làm thế nào để Vaito – một kẻ nay đã thuộc về Ma tộc có thể cai trị được con người mà không vấp phải sự chống đối? Đó là chưa kể đến những thuộc hạ dưới quyền đang ngày đêm bất mãn với cách chỉ huy của cậu?\r\n\r\nDưới hàng loạt những sức ép vô hình, Vaito đã bị cuốn vào hết khó khăn này đến khó khăn khác. Nhưng bằng sự dũng mãnh của người sói, cùng sự giúp đỡ từ đồng đội, đặc biệt là cô gái loài người xinh đẹp và thông minh Airia, Vaito đã vượt qua tất cả, thậm chí còn giành được sự tín nhiệm của người đứng đầu ma tộc – Ma vương.\r\n\r\nThế nhưng, khi mà tưởng như từ nay về sau sẽ chẳng còn điều gì có thể gây khó dễ cho Vaito được nữa, thì bỗng nhiên thân phận thực sự cùng phần ký ức khi còn là con người của cậu lại được Ma vương nhắc đến kèm theo một bí mật động trời…\r\n\r\nSự thật ẩn giấu từ kiếp trước của Vaito là gì?\r\n\r\nMục đích thực sự của Ma vương cuối cùng sẽ đi về đâu?\r\n\r\nLiệu Vaito còn có thể là một thủ hạ trung thành khi mà sợ dây gắn kết giữa cậu và Ma tộc bỗng trở nên mong manh?\r\n\r\nHãy cùng dõi theo cuộc hành trình hấp dẫn đến nghẹt thở ấy trong “Chuyển sinh làm người Sói, tôi trở thành cánh tay phải của Ma vương” của nhà văn Hyogetsu. Với cốt truyện độc đáo cùng phần minh họa xuất sắc của họa sĩ lừng danh Nishi(E)da, series light novel “Chuyển sinh làm người Sói, tôi trở thành cánh tay phải của Ma vương” sẽ đưa bạn vào những trang sách kỳ diệu, tựa như cánh cửa mở đến một thế giới phép thuật rực rỡ nhưng cũng đầy bí ẩn.','vi','2023-05-11 06:45:51','2023-05-11 06:45:51',6,0,'https://cdn0.fahasa.com/media/catalog/product/b/_/b_a-1---soi.jpg'),(25,'Về Chuyện Tôi Chuyển Sinh Thành Slime Tập 1',19,6,'2021',45000,'Mikami Satoru – một nhân viên văn phòng bình thường - đã ba mươi bảy cái xuân xanh nhưng vẫn còn là một thanh niên trai tân chính hiệu. Một ngày nọ, vì bảo vệ đồng nghiệp của mình, anh bị một tên điên cầm dao đâm trên phố. Trong những giây phút cuối đời, khi phải lên đường sang thế giới bên kia trong tình trạng “hàng còn nguyên tem” và trong đầu anh không ngừng vang lên một giọng nói thông báo về một loạt những năng lực khó hiểu, anh đã thề rằng: Nếu được tái sinh, anh nhất định sẽ thay đổi, sẽ chủ động tán tỉnh tất cả những người mà mình gặp, nhiệt tình theo đuổi con mồi rồi lao vào “ăn sạch”…\r\n\r\nNhưng trớ trêu thay khi tỉnh lại, Satoru lại không được “tái sinh” thành một anh chàng đẹp trai bảnh bao cuốn hút như ý nguyện, mà lại thành một thứ sinh vật èo uột trơn tuột, không thể nhìn được, nghe được, hay nói được.\r\n\r\n“Tôi cũng chẳng biết bản thân trông như thế nào. Tôi cảm thấy cơ thể mình cứ… trơn tuột, giống như thạch vậy, hệt như hình dáng của loại “quái vật” đó. Thực ra tôi cũng đã nghĩ đến khả năng này từ nãy rồi.\r\n\r\nTôi thực sự đã… được tái sinh thành một con slime…”\r\n\r\nDần dà chấp nhận số phận rằng bản thân đã bị biến thành một con Slime kỳ lạ, Mikami Satoru bắt đầu cuộc sống nhàn tản của mình tại dị giới. Tuy nhiên, từ khi tình cờ gặp được Bạo Phong Long Veldora – một con quái vật cấp “thiên tai” và nhận được cái tên  “Rimuru Tempest” thì vận mệnh của anh đã hoàn toàn thay đổi.\r\n\r\nLiệu một người được chuyển sinh vào cơ thể của một con slime mất đi thính giác, thị giác sẽ làm thế nào để sống sót tại dị giới đây? Và dù trước khi chết đã nhận được hai kỹ năng vô song là Đại Hiền Giả và Kẻ Săn Mồi giúp bản thân đặc biệt hơn hẳn các con slime thông thường nhưng Rimuru lại chưa nhận ra điều đó, anh sẽ làm gì để bảo vệ bản thân và thực hiện được mục tiêu “ăn sạch” của mình trong thế giới đầy rẫy những hiểm nguy này?\r\n\r\n“Về chuyện tôi chuyển sinh thành Slime” là series light novel được chắp bút bởi Fuse và vẽ minh họa bởi Mizt Vah đã gây được tiếng vang lớn với 20 triệu bản sách được bán ra tại Nhật. Cùng nội dung lôi cuốn và phần minh họa đỉnh cao, series đình đám này hứa hẹn sẽ đưa người đọc vào một cuộc hành trình hồi hộp hấp dẫn đến nghẹt thở ngay từ tập đầu tiên!\r\n\r\nMã hàng	8936186548246\r\nTên Nhà Cung Cấp	Skybooks\r\nTác giả	Fuse, Mizt Vah\r\nNgười Dịch	Cancel\r\nNXB	NXB Phụ Nữ Việt Nam\r\nNăm XB	2022\r\nNgôn Ngữ	Tiếng Việt\r\nTrọng lượng (gr)	370\r\nKích Thước Bao Bì	18 x 13 x 2.1 cm\r\nSố trang	453\r\nHình thức	Bìa Mềm\r\nSản phẩm bán chạy nhất	Top 100 sản phẩm Light Novel bán chạy của tháng\r\nGiá sản phẩm trên Fahasa.com đã bao gồm thuế theo luật hiện hành. Bên cạnh đó, tuỳ vào loại sản phẩm, hình thức và địa chỉ giao hàng mà có thể phát sinh thêm chi phí khác như Phụ phí đóng gói, phí vận chuyển, phụ phí hàng cồng kềnh,...\r\nVề Chuyện Tôi Chuyển Sinh Thành Slime\r\n\r\nMikami Satoru – một nhân viên văn phòng bình thường - đã ba mươi bảy cái xuân xanh nhưng vẫn còn là một thanh niên trai tân chính hiệu. Một ngày nọ, vì bảo vệ đồng nghiệp của mình, anh bị một tên điên cầm dao đâm trên phố. Trong những giây phút cuối đời, khi phải lên đường sang thế giới bên kia trong tình trạng “hàng còn nguyên tem” và trong đầu anh không ngừng vang lên một giọng nói thông báo về một loạt những năng lực khó hiểu, anh đã thề rằng: Nếu được tái sinh, anh nhất định sẽ thay đổi, sẽ chủ động tán tỉnh tất cả những người mà mình gặp, nhiệt tình theo đuổi con mồi rồi lao vào “ăn sạch”…\r\n\r\nNhưng trớ trêu thay khi tỉnh lại, Satoru lại không được “tái sinh” thành một anh chàng đẹp trai bảnh bao cuốn hút như ý nguyện, mà lại thành một thứ sinh vật èo uột trơn tuột, không thể nhìn được, nghe được, hay nói được.\r\n\r\n“Tôi cũng chẳng biết bản thân trông như thế nào. Tôi cảm thấy cơ thể mình cứ… trơn tuột, giống như thạch vậy, hệt như hình dáng của loại “quái vật” đó. Thực ra tôi cũng đã nghĩ đến khả năng này từ nãy rồi.\r\n\r\nTôi thực sự đã… được tái sinh thành một con slime…”\r\n\r\nDần dà chấp nhận số phận rằng bản thân đã bị biến thành một con Slime kỳ lạ, Mikami Satoru bắt đầu cuộc sống nhàn tản của mình tại dị giới. Tuy nhiên, từ khi tình cờ gặp được Bạo Phong Long Veldora – một con quái vật cấp “thiên tai” và nhận được cái tên  “Rimuru Tempest” thì vận mệnh của anh đã hoàn toàn thay đổi.\r\n\r\nLiệu một người được chuyển sinh vào cơ thể của một con slime mất đi thính giác, thị giác sẽ làm thế nào để sống sót tại dị giới đây? Và dù trước khi chết đã nhận được hai kỹ năng vô song là Đại Hiền Giả và Kẻ Săn Mồi giúp bản thân đặc biệt hơn hẳn các con slime thông thường nhưng Rimuru lại chưa nhận ra điều đó, anh sẽ làm gì để bảo vệ bản thân và thực hiện được mục tiêu “ăn sạch” của mình trong thế giới đầy rẫy những hiểm nguy này?\r\n\r\n“Về chuyện tôi chuyển sinh thành Slime” là series light novel được chắp bút bởi Fuse và vẽ minh họa bởi Mizt Vah đã gây được tiếng vang lớn với 20 triệu bản sách được bán ra tại Nhật. Cùng nội dung lôi cuốn và phần minh họa đỉnh cao, series đình đám này hứa hẹn sẽ đưa người đọc vào một cuộc hành trình hồi hộp hấp dẫn đến nghẹt thở ngay từ tập đầu tiên!','vi','2023-05-11 06:49:50','2023-05-11 06:49:50',6,0,'https://cdn0.fahasa.com/media/catalog/product/t/t/ttph--v_-chuy_n-t_i-chuy_n-sinh-th_nh-slime_1.jpg'),(26,'Chuyển Sinh Làm Người Sói, Tôi Trở Thành Cánh Tay Phải Của Ma Vương - Tập 2',20,8,'2019',73000,'Ở tập trước, Vaito – một chàng trai vô cùng bình thường, sau khi qua đời và chuyển sinh làm người Sói đã trở thành cánh tay đắc lực nhất dưới trướng Ma Vương. Nhưng khi mọi chuyện tưởng như đã tìm được hồi kết thì không, một lần nữa Vaito phải đương đầu với những thử thách thậm chí còn nguy hiểm hơn ở tập 2 này!\r\n\r\nCùng sự liên minh giữa các nhánh quân đội, Vaito cùng Ma Vương đã ấp ủ xây dựng một thành phố mang tên Ryun Height – nơi mang theo giấc mộng con người và Ma tộc có thể chung sống hòa bình với nhau .\r\n\r\nThế nhưng, trong quá trình đó, biến cố không ngờ đã xảy ra! Một nhân vật mang tên “Anh hùng” – kẻ nắm giữ sức mạnh to lớn, thậm chí là ngang hàng với Ma vương, bỗng xuất hiện tại trận tuyến phía Bắc.\r\n\r\nĐáng quan ngại hơn, trong hoàn cảnh ngàn cân treo sợi tóc ấy, Sư đoàn số hai của Quân đội Ma vương do Vaito đứng đầu vẫn đang phải đối mặt với tình hình ly tán do chiến tranh kéo dài, bên cạnh đó còn phải dùng mọi sức lực để bảo vệ sự hòa bình cho thành phố Ryun Height.\r\n\r\nChính vì lẽ đó sự xuất hiện của “Anh hùng” lại càng khiến cho mọi chuyện trở nên nguy hiểm và khó khăn hơn bao giờ hết!\r\n\r\nNhất là khi mục tiêu của hắn vô cùng rõ ràng. Chính là GIẾT CHẾT MA VƯƠNG.\r\n\r\nVới tư cách là một chiến lược gia tài ba của Quân đoàn Ma vương , Vaito sẽ làm gì để có thể cưỡi trên đầu ngọn sóng mang tên “Anh hùng” này?\r\n\r\nVà trong trận chiến “lịch sử” giữa hai kẻ mạnh nhất ấy, ai sẽ là người giành được chiến thắng?\r\n\r\nVẫn bằng ngòi bút tài năng cùng sự suy luận tài tình của mình, tác giả Hyogetsu cùng “Chuyển sinh làm người Sói, tôi trở thành cánh tay phải của Ma vương” tập 2 sẽ một lần nữa đưa bạn vào những cuộc hành trình gay cấn đến nghẹt thở trong một thế giới phép thuật rực rỡ nhưng cũng đầy bí ẩn!\r\n\r\nMã hàng	8936062804633\r\nTên Nhà Cung Cấp	Skybooks\r\nTác giả	Hyougetsu\r\nNgười Dịch	Thiên Di\r\nNXB	NXB Phụ Nữ\r\nNăm XB	2019\r\nTrọng lượng (gr)	400\r\nKích Thước Bao Bì	13 x 18 x 1.9\r\nSố trang	392\r\nHình thức	Bìa Mềm\r\nSản phẩm bán chạy nhất	Top 100 sản phẩm Light Novel bán chạy của tháng\r\nGiá sản phẩm trên Fahasa.com đã bao gồm thuế theo luật hiện hành. Bên cạnh đó, tuỳ vào loại sản phẩm, hình thức và địa chỉ giao hàng mà có thể phát sinh thêm chi phí khác như Phụ phí đóng gói, phí vận chuyển, phụ phí hàng cồng kềnh,...\r\nChuyển Sinh Làm Người Sói, Tôi Trở Thành Cánh Tay Phải Của Ma Vương - Tập 2\r\n\r\nỞ tập trước, Vaito – một chàng trai vô cùng bình thường, sau khi qua đời và chuyển sinh làm người Sói đã trở thành cánh tay đắc lực nhất dưới trướng Ma Vương. Nhưng khi mọi chuyện tưởng như đã tìm được hồi kết thì không, một lần nữa Vaito phải đương đầu với những thử thách thậm chí còn nguy hiểm hơn ở tập 2 này!\r\n\r\nCùng sự liên minh giữa các nhánh quân đội, Vaito cùng Ma Vương đã ấp ủ xây dựng một thành phố mang tên Ryun Height – nơi mang theo giấc mộng con người và Ma tộc có thể chung sống hòa bình với nhau .\r\n\r\nThế nhưng, trong quá trình đó, biến cố không ngờ đã xảy ra! Một nhân vật mang tên “Anh hùng” – kẻ nắm giữ sức mạnh to lớn, thậm chí là ngang hàng với Ma vương, bỗng xuất hiện tại trận tuyến phía Bắc.\r\n\r\nĐáng quan ngại hơn, trong hoàn cảnh ngàn cân treo sợi tóc ấy, Sư đoàn số hai của Quân đội Ma vương do Vaito đứng đầu vẫn đang phải đối mặt với tình hình ly tán do chiến tranh kéo dài, bên cạnh đó còn phải dùng mọi sức lực để bảo vệ sự hòa bình cho thành phố Ryun Height.\r\n\r\nChính vì lẽ đó sự xuất hiện của “Anh hùng” lại càng khiến cho mọi chuyện trở nên nguy hiểm và khó khăn hơn bao giờ hết!\r\n\r\nNhất là khi mục tiêu của hắn vô cùng rõ ràng. Chính là GIẾT CHẾT MA VƯƠNG.\r\n\r\nVới tư cách là một chiến lược gia tài ba của Quân đoàn Ma vương , Vaito sẽ làm gì để có thể cưỡi trên đầu ngọn sóng mang tên “Anh hùng” này?\r\n\r\nVà trong trận chiến “lịch sử” giữa hai kẻ mạnh nhất ấy, ai sẽ là người giành được chiến thắng?\r\n\r\nVẫn bằng ngòi bút tài năng cùng sự suy luận tài tình của mình, tác giả Hyogetsu cùng “Chuyển sinh làm người Sói, tôi trở thành cánh tay phải của Ma vương” tập 2 sẽ một lần nữa đưa bạn vào những cuộc hành trình gay cấn đến nghẹt thở trong một thế giới phép thuật rực rỡ nhưng cũng đầy bí ẩn!','vi','2023-05-11 06:51:19','2023-05-11 06:51:19',6,0,'https://cdn0.fahasa.com/media/catalog/product/1/1/1111111_1_2.jpg'),(27,'Cardcaptor Sakura: Clear Card 7',21,3,'2020',35000,'Seventeen years after the original Cardcaptor Sakura manga ended, CLAMP returns with more magical clow card adventures! Secrets Kept, Secrets Revealed In order to protect Sakura from Yuna D. Kaito and his mysterious, powerful magic, a familiar face returns to Tomoeda to support Cerberus and Yue. Meanwhile, Syaoran reveals the secret he\'s kept long hidden from Sakura. Then Sakura finally learns the origin of the clear cards--and what their sudden appearance means about her own magical powers...','en','2023-05-11 06:54:03','2023-05-11 06:54:03',7,0,'https://cdn0.fahasa.com/media/catalog/product/i/m/image_215717.jpg'),(28,'暁のヨナ 13 - Akatsuki no Yona - Yona Of The Dawn',22,11,'2013',136800,'高華国の王位を狙うスジン(火の部族)の謀反に立ち向かうヨナとスウォン。国を統べるとはどういうことなのか。三者の思いが荒野で絡み合う。はたして強者どもの夢の跡に残るのは!? さらにヨナ一行が出稼ぎに励む「流れ者の市場」も収録。 2013年12月刊。','jp','2023-05-11 07:02:56','2023-05-11 07:02:56',7,0,'https://cdn0.fahasa.com/media/catalog/product/i/m/image_204048.jpg'),(29,'暁のヨナ 10 - Akatsuki no Yona - Yona Of The Dawn',22,11,'2012',136800,'賊を名乗り、横暴な役人から火の部族の村を守るヨナ達。一方、火の部族長次男・カン・テジュンは、賊討伐を命じられ加淡村へ。そこでは以前、殺してしまったはずのヨナの声が! 動揺したテジュンは、さらに誤って味方の援軍を呼んでしまう。村に迫る危機に、ヨナは――!? 2012年12月刊。','jp','2023-05-11 07:03:49','2023-05-11 07:03:49',7,0,'https://cdn0.fahasa.com/media/catalog/product/i/m/image_204186.jpg'),(30,' 暁のヨナ 22 - Akatsuki no Yona - Yona Of The Dawn',22,11,'2018',136800,'ハクへの気持ちを自覚したヨナは、束の間、リリと恋の話をする。しかし街には「戦場に四龍と赤い髪の女が現れる」という噂が流れているようで…!?そんな中、ヨナ達は真国との国境の山道で、真国から来たという一団に接触され…？','jp','2023-05-11 07:04:49','2023-05-11 07:04:49',7,0,'https://cdn0.fahasa.com/media/catalog/product/9/7/9784592215127_11.jpg'),(31,'Fullmetal Alchemist - Cang Giả Kim Thuật Sư - Fullmetal Edition Tập 10',24,1,'2021',69000,'Trong thế giới của những giả kim thuật sư, có một tồn tại đã đi vào huyền thoại và trở thành ước mơ bất cứ ai cũng ao khát - đó chính là \"Hòn đá Triết gia\".\r\n\r\nBối cảnh của \"Fullmetal Alchemist\" được đặt trong một thế giới hư cấu, nơi giả kim thuật là một trong những kĩ thuật khoa học tiên tiến nhất con người từng biết đến. Và anh em nhà Elric cũng không là ngoại lệ. Sau thất bại khi cố gắng đem người mẹ dấu yêu từ cõi chết trở về, người anh Edward mất đi chân trái và người em Alphonse mất toàn bộ cơ thể; bằng nỗ lực đến tuyệt vọng, Edward đã hi sinh nốt cánh tay phải của mình để giành lại linh hồn Alphonse và chuyển hóa nó vào trong một bộ giáp.\r\n\r\nKể từ ngày kinh hoàng đó, cả hai đã quyết tâm lên đường tìm kiếm \"Hòn đá Triết gia\" - thứ duy nhất có thể giúp họ khôi phục lại cơ thể. \"Mọi thứ trên đời đều có giá của nó. Để tìm ra \"chân lí\", chúng tôi sẵn sàng trả giá, kể cả khi cái giá ấy là vô vọng...!\"\r\n\r\nMời các bạn cùng theo chân anh em Elric khám phá thế giới của những GIẢ KIM THUẬT SƯ thông qua một trong những Manga được yêu thích nhất đến từ Nữ tác giả Hiromu Arakawa, nay đã quay trở lại với phiên bản DELUXE - Fullmetal Edition...!\r\n\r\nMã hàng	8935244855135\r\nĐộ Tuổi	15 - 18\r\nTên Nhà Cung Cấp	Nhà Xuất Bản Kim Đồng\r\nTác giả	Hiromu Arakawa\r\nNgười Dịch	Hương Giang\r\nNXB	NXB Kim Đồng\r\nNăm XB	2021\r\nNgôn Ngữ	Tiếng Việt\r\nTrọng lượng (gr)	250\r\nKích Thước Bao Bì	18 x 13 cm x 1.5\r\nSố trang	244\r\nHình thức	Bìa Mềm\r\nGenres	Adventure, Action, Comedy, Sci Fi, Shounen, Fantasy, Drama, Supernatural, Tragedy\r\nSản phẩm bán chạy nhất	Top 100 sản phẩm Manga Khác bán chạy của tháng\r\nGiá sản phẩm trên Fahasa.com đã bao gồm thuế theo luật hiện hành. Bên cạnh đó, tuỳ vào loại sản phẩm, hình thức và địa chỉ giao hàng mà có thể phát sinh thêm chi phí khác như Phụ phí đóng gói, phí vận chuyển, phụ phí hàng cồng kềnh,...\r\nTrong thế giới của những giả kim thuật sư, có một tồn tại đã đi vào huyền thoại và trở thành ước mơ bất cứ ai cũng ao khát - đó chính là \"Hòn đá Triết gia\".\r\n\r\nBối cảnh của \"Fullmetal Alchemist\" được đặt trong một thế giới hư cấu, nơi giả kim thuật là một trong những kĩ thuật khoa học tiên tiến nhất con người từng biết đến. Và anh em nhà Elric cũng không là ngoại lệ. Sau thất bại khi cố gắng đem người mẹ dấu yêu từ cõi chết trở về, người anh Edward mất đi chân trái và người em Alphonse mất toàn bộ cơ thể; bằng nỗ lực đến tuyệt vọng, Edward đã hi sinh nốt cánh tay phải của mình để giành lại linh hồn Alphonse và chuyển hóa nó vào trong một bộ giáp.\r\n\r\nKể từ ngày kinh hoàng đó, cả hai đã quyết tâm lên đường tìm kiếm \"Hòn đá Triết gia\" - thứ duy nhất có thể giúp họ khôi phục lại cơ thể. \"Mọi thứ trên đời đều có giá của nó. Để tìm ra \"chân lí\", chúng tôi sẵn sàng trả giá, kể cả khi cái giá ấy là vô vọng...!\"\r\n\r\nMời các bạn cùng theo chân anh em Elric khám phá thế giới của những GIẢ KIM THUẬT SƯ thông qua một trong những Manga được yêu thích nhất đến từ Nữ tác giả Hiromu Arakawa, nay đã quay trở lại với phiên bản DELUXE - Fullmetal Edition...!','vi','2023-05-11 07:08:42','2023-05-11 07:08:42',8,0,'https://cdn0.fahasa.com/media/catalog/product/c/a/cang-gia-kim-thuat-su---tap-10.jpg'),(32,'Fullmetal Alchemist - Cang Giả Kim Thuật Sư - Fullmetal Edition Tập 15',24,1,'2021',69000,'Trong thế giới của những giả kim thuật sư, có một tồn tại đã đi vào huyền thoại và trở thành ước mơ bất cứ ai cũng ao khát - đó chính là \"Hòn đá Triết gia\".\r\n\r\nBối cảnh của \"Fullmetal Alchemist\" được đặt trong một thế giới hư cấu, nơi giả kim thuật là một trong những kĩ thuật khoa học tiên tiến nhất con người từng biết đến. Và anh em nhà Elric cũng không là ngoại lệ. Sau thất bại khi cố gắng đem người mẹ dấu yêu từ cõi chết trở về, người anh Edward mất đi chân trái và người em Alphonse mất toàn bộ cơ thể; bằng nỗ lực đến tuyệt vọng, Edward đã hi sinh nốt cánh tay phải của mình để giành lại linh hồn Alphonse và chuyển hóa nó vào trong một bộ giáp.\r\n\r\nKể từ ngày kinh hoàng đó, cả hai đã quyết tâm lên đường tìm kiếm \"Hòn đá Triết gia\" - thứ duy nhất có thể giúp họ khôi phục lại cơ thể. \"Mọi thứ trên đời đều có giá của nó. Để tìm ra \"chân lí\", chúng tôi sẵn sàng trả giá, kể cả khi cái giá ấy là vô vọng...!\"\r\n\r\nMời các bạn cùng theo chân anh em Elric khám phá thế giới của những GIẢ KIM THUẬT SƯ thông qua một trong những Manga được yêu thích nhất đến từ Nữ tác giả Hiromu Arakawa, nay đã quay trở lại với phiên bản DELUXE - Fullmetal Edition...!\r\n\r\nMã hàng	3300000017730\r\nĐộ Tuổi	15 - 18\r\nTên Nhà Cung Cấp	Nhà Xuất Bản Kim Đồng\r\nTác giả	Hiromu Arakawa\r\nNgười Dịch	Hương Giang\r\nNXB	NXB Kim Đồng\r\nNăm XB	2022\r\nNgôn Ngữ	Tiếng Việt\r\nTrọng lượng (gr)	250\r\nKích Thước Bao Bì	18 x 13 cm x 1.6\r\nSố trang	268\r\nHình thức	Bìa Mềm\r\nGenres	Adventure, Action, Comedy, Sci Fi, Shounen, Fantasy, Drama, Supernatural, Tragedy\r\nSản phẩm bán chạy nhất	Top 100 sản phẩm Manga Khác bán chạy của tháng\r\nGiá sản phẩm trên Fahasa.com đã bao gồm thuế theo luật hiện hành. Bên cạnh đó, tuỳ vào loại sản phẩm, hình thức và địa chỉ giao hàng mà có thể phát sinh thêm chi phí khác như Phụ phí đóng gói, phí vận chuyển, phụ phí hàng cồng kềnh,...\r\nTrong thế giới của những giả kim thuật sư, có một tồn tại đã đi vào huyền thoại và trở thành ước mơ bất cứ ai cũng ao khát - đó chính là \"Hòn đá Triết gia\".\r\n\r\nBối cảnh của \"Fullmetal Alchemist\" được đặt trong một thế giới hư cấu, nơi giả kim thuật là một trong những kĩ thuật khoa học tiên tiến nhất con người từng biết đến. Và anh em nhà Elric cũng không là ngoại lệ. Sau thất bại khi cố gắng đem người mẹ dấu yêu từ cõi chết trở về, người anh Edward mất đi chân trái và người em Alphonse mất toàn bộ cơ thể; bằng nỗ lực đến tuyệt vọng, Edward đã hi sinh nốt cánh tay phải của mình để giành lại linh hồn Alphonse và chuyển hóa nó vào trong một bộ giáp.\r\n\r\nKể từ ngày kinh hoàng đó, cả hai đã quyết tâm lên đường tìm kiếm \"Hòn đá Triết gia\" - thứ duy nhất có thể giúp họ khôi phục lại cơ thể. \"Mọi thứ trên đời đều có giá của nó. Để tìm ra \"chân lí\", chúng tôi sẵn sàng trả giá, kể cả khi cái giá ấy là vô vọng...!\"\r\n\r\nMời các bạn cùng theo chân anh em Elric khám phá thế giới của những GIẢ KIM THUẬT SƯ thông qua một trong những Manga được yêu thích nhất đến từ Nữ tác giả Hiromu Arakawa, nay đã quay trở lại với phiên bản DELUXE - Fullmetal Edition...!','vi','2023-05-11 07:09:51','2023-05-11 07:09:51',8,0,'https://cdn0.fahasa.com/media/catalog/product/3/3/3300000017730.jpg'),(33,'Dragon Ball Super Tập 1: Các Chiến Binh Của Vũ Trụ Thứ 6',26,1,'2022',22500,'Dragon Ball Super với cốt truyện của tác giả Akira Toriyama và nét vẽ đầy mới mẻ của họa sĩ Toyotarou là phần tiếp nối của bộ truyện Dragon Ball, kể tiếp câu chuyện\r\ncòn dang dở sau trận chiến với Ma Buu.\r\n\r\nSau khi Trái Đất lập lại hòa bình không lâu, có 2 kẻ lạ mặt xuất hiện dò tìm thông tin về Siêu Saiya Thần Thánh, nhưng Goku và nhóm bạn không ai hay biết gì về nhân vật này. Hai bên đã có một màn “đánh chào hỏi” nhưng phe Trái Đất đã thua chóng vánh trước 2 kẻ lạ mặt đó. Tất cả đều không khỏi sốc khi biết họ chính là Thần Hủy Diệt cùng cộng sự, người được cho là mạnh nhất toàn bộ vũ trụ.\r\n\r\nSự kiện này sau đó cũng mở ra 1 cốt truyện mới vô cùng mở với thế giới 7 viên ngọc rồng, có tận 12 vũ trụ cùng biết bao nhân vật, chiến binh mới. Goku cùng nhóm bạn lại bước vào hành trình chinh phục các giới hạn sức mạnh, chiến đấu với cái ác để bảo vệ những điều thân thương.\r\n\r\nMã hàng	8935244864984\r\nTên Nhà Cung Cấp	Nhà Xuất Bản Kim Đồng\r\nTác giả	Akira Toriyama, Toyotarou\r\nNgười Dịch	Barbie Ayumi, Admin Kej\r\nNXB	Kim Đồng\r\nNăm XB	2022\r\nNgôn Ngữ	Tiếng Việt\r\nTrọng lượng (gr)	145\r\nKích Thước Bao Bì	17.6 x 11.3 x 1.2 cm\r\nSố trang	192\r\nHình thức	Bìa Mềm\r\nGenres	Adventure, Action, Comedy, Sci Fi, Shounen, Fantasy, Drama\r\nSản phẩm bán chạy nhất	Top 100 sản phẩm Series Manga bán chạy của tháng\r\nGiá sản phẩm trên Fahasa.com đã bao gồm thuế theo luật hiện hành. Bên cạnh đó, tuỳ vào loại sản phẩm, hình thức và địa chỉ giao hàng mà có thể phát sinh thêm chi phí khác như Phụ phí đóng gói, phí vận chuyển, phụ phí hàng cồng kềnh,...\r\nDragon Ball Super với cốt truyện của tác giả Akira Toriyama và nét vẽ đầy mới mẻ của họa sĩ Toyotarou là phần tiếp nối của bộ truyện Dragon Ball, kể tiếp câu chuyện\r\ncòn dang dở sau trận chiến với Ma Buu.\r\n\r\nSau khi Trái Đất lập lại hòa bình không lâu, có 2 kẻ lạ mặt xuất hiện dò tìm thông tin về Siêu Saiya Thần Thánh, nhưng Goku và nhóm bạn không ai hay biết gì về nhân vật này. Hai bên đã có một màn “đánh chào hỏi” nhưng phe Trái Đất đã thua chóng vánh trước 2 kẻ lạ mặt đó. Tất cả đều không khỏi sốc khi biết họ chính là Thần Hủy Diệt cùng cộng sự, người được cho là mạnh nhất toàn bộ vũ trụ.\r\n\r\nSự kiện này sau đó cũng mở ra 1 cốt truyện mới vô cùng mở với thế giới 7 viên ngọc rồng, có tận 12 vũ trụ cùng biết bao nhân vật, chiến binh mới. Goku cùng nhóm bạn lại bước vào hành trình chinh phục các giới hạn sức mạnh, chiến đấu với cái ác để bảo vệ những điều thân thương.','vi','2023-05-11 07:13:22','2023-05-11 07:13:22',8,0,'https://cdn0.fahasa.com/media/catalog/product/d/r/dragon-ball-super---tap-1-_-tai-ban-2022_.jpg'),(34,'JoJos Bizarre Adventure Part 6 Stone Ocean 3',27,4,'2000',142200,'徐倫を監獄から救出するためにやって来た承太郎は徐倫と共に敵の術中に落ち、肉体を溶かされながら、夢の中で敵と闘っていた! 夢から脱出した2人だったが敵は承太郎のスタンド能力を奪い取ってしまう…!!','jp','2023-05-11 07:15:29','2023-05-11 07:15:29',8,0,'https://cdn0.fahasa.com/media/catalog/product/9/7/9784088730271.jpg'),(35,'Slam Dunk - Deluxe Edition - Tập 8',28,1,'2022',54000,'Để trả thù Ryota Miyagi, Hisashi Mitsui đã kéo hội ban lưu manh đến đánh nhau với CLB Bóng rổ. Khi trận hỗn chiến đã đến hồi ngã ngũ, sự thật vẫn được che giấu trong lòng Mitsui bấy lâu nay lại là...!?','vi','2023-05-11 07:17:25','2023-05-11 07:17:25',9,0,'https://cdn0.fahasa.com/media/catalog/product/s/l/slam-dunk---deluxe-edition---tap-8.jpg'),(36,'Haikyu!! 22',29,4,'2016',136800,'春高出場を四校で争う、東京都代表決定戦が開幕! 勝てば全国行きが決まる準決勝を戦うのは、音駒高校と梟谷学園。絶好調の木兎相手に、音駒は夜久が迎え撃ち、研磨が策を練る!! 果たして木兎攻略なるか!?','jp','2023-05-11 07:19:54','2023-05-11 07:19:54',9,0,'https://cdn0.fahasa.com/media/catalog/product/9/7/9784088807447.jpg'),(37,'ハイキュー!! 18 - Haikyu!! 18',29,4,'2015',136800,'宿敵・青葉城西を破り、迎えた王者白鳥沢との県代表決定戦決勝!! 超高校級エース・牛島の圧倒的な力に苦戦するものの、烏野は西谷のレシーブを契機にチャンスを掴み始める。白鳥沢追撃のカギになるのは…!?','jp','2023-05-11 07:28:29','2023-05-11 07:28:29',9,5,'https://cdn0.fahasa.com/media/catalog/product/9/7/9784088804842.jpg');
/*!40000 ALTER TABLE `books` ENABLE KEYS */;
UNLOCK TABLES;

--
-- Table structure for table `cart`
--

DROP TABLE IF EXISTS `cart`;
/*!40101 SET @saved_cs_client     = @@character_set_client */;
/*!50503 SET character_set_client = utf8mb4 */;
CREATE TABLE `cart` (
  `user_id` varchar(255) NOT NULL,
  `products` varchar(255) DEFAULT NULL,
  PRIMARY KEY (`user_id`)
) ENGINE=InnoDB DEFAULT CHARSET=utf8;
/*!40101 SET character_set_client = @saved_cs_client */;

--
-- Dumping data for table `cart`
--

LOCK TABLES `cart` WRITE;
/*!40000 ALTER TABLE `cart` DISABLE KEYS */;
/*!40000 ALTER TABLE `cart` ENABLE KEYS */;
UNLOCK TABLES;

--
-- Table structure for table `categories`
--

DROP TABLE IF EXISTS `categories`;
/*!40101 SET @saved_cs_client     = @@character_set_client */;
/*!50503 SET character_set_client = utf8mb4 */;
CREATE TABLE `categories` (
  `id` smallint(6) NOT NULL AUTO_INCREMENT,
  `name` varchar(255) DEFAULT NULL,
  `img_url` varchar(255) NOT NULL,
  PRIMARY KEY (`id`)
) ENGINE=InnoDB AUTO_INCREMENT=10 DEFAULT CHARSET=utf8;
/*!40101 SET character_set_client = @saved_cs_client */;

--
-- Dumping data for table `categories`
--

LOCK TABLES `categories` WRITE;
/*!40000 ALTER TABLE `categories` DISABLE KEYS */;
INSERT INTO `categories` VALUES (1,'Shounen','https://laststopanime.com/wp-content/uploads/2022/07/lsa-cover-feature.png'),(2,'Seinen','https://www.theanimedaily.com/wp-content/uploads/2022/03/What-Is-Seinen-Anime.jpg'),(3,'Horror','https://thebiem.com/wp-content/uploads/2021/01/Best-Horror-Manga.jpg'),(4,'Ecchi','https://pm1.narvii.com/7410/e00fbb857adf166d558fd984b0aebc573a52f1acr1-1920-1365v2_hq.jpg'),(5,'Romance','https://static1.cbrimages.com/wordpress/wp-content/uploads/2022/05/Manga-Romance.jpg'),(6,'Isekai','https://static0.gamerantimages.com/wordpress/wp-content/uploads/2021/10/Best-Isekai-That-Dont-Have-Anime-Adapatation-Yet-Header.jpg'),(7,'Shoujo','https://static1.cbrimages.com/wordpress/wp-content/uploads/2020/01/Shojo-Header.jpg'),(8,'Adventure','https://static1.cbrimages.com/wordpress/wp-content/uploads/2022/08/JoJo-Feature.jpg'),(9,'Sport','https://www.barnesandnoble.com/blog/wp-content/uploads/2017/08/yowapedal.jpg');
/*!40000 ALTER TABLE `categories` ENABLE KEYS */;
UNLOCK TABLES;

--
-- Table structure for table `order_item_lists`
--

DROP TABLE IF EXISTS `order_item_lists`;
/*!40101 SET @saved_cs_client     = @@character_set_client */;
/*!50503 SET character_set_client = utf8mb4 */;
CREATE TABLE `order_item_lists` (
  `order_id` int(11) NOT NULL,
  `quantity` int(11) DEFAULT NULL,
  `book_id` int(11) NOT NULL,
  PRIMARY KEY (`order_id`,`book_id`)
) ENGINE=InnoDB DEFAULT CHARSET=utf8;
/*!40101 SET character_set_client = @saved_cs_client */;

--
-- Dumping data for table `order_item_lists`
--

LOCK TABLES `order_item_lists` WRITE;
/*!40000 ALTER TABLE `order_item_lists` DISABLE KEYS */;
INSERT INTO `order_item_lists` VALUES (4,3,4),(5,1,34),(5,1,35),(5,1,36),(5,1,37),(6,1,2),(6,1,8),(6,1,16),(6,2,23),(6,1,24),(6,1,32),(7,1,1),(7,1,2),(7,1,8),(7,1,9),(7,1,19),(7,1,20),(7,1,21),(7,1,22),(8,1,36),(9,3,34);
/*!40000 ALTER TABLE `order_item_lists` ENABLE KEYS */;
UNLOCK TABLES;

--
-- Table structure for table `order_status`
--

DROP TABLE IF EXISTS `order_status`;
/*!40101 SET @saved_cs_client     = @@character_set_client */;
/*!50503 SET character_set_client = utf8mb4 */;
CREATE TABLE `order_status` (
  `id` int(11) NOT NULL,
  `name` varchar(255) DEFAULT NULL,
  PRIMARY KEY (`id`)
) ENGINE=InnoDB DEFAULT CHARSET=utf8;
/*!40101 SET character_set_client = @saved_cs_client */;

--
-- Dumping data for table `order_status`
--

LOCK TABLES `order_status` WRITE;
/*!40000 ALTER TABLE `order_status` DISABLE KEYS */;
INSERT INTO `order_status` VALUES (1,'Processing'),(2,'Shipping'),(3,'Arrived');
/*!40000 ALTER TABLE `order_status` ENABLE KEYS */;
UNLOCK TABLES;

--
-- Table structure for table `orders`
--

DROP TABLE IF EXISTS `orders`;
/*!40101 SET @saved_cs_client     = @@character_set_client */;
/*!50503 SET character_set_client = utf8mb4 */;
CREATE TABLE `orders` (
  `id` int(11) NOT NULL AUTO_INCREMENT,
  `created_at` datetime DEFAULT NULL,
  `address` varchar(255) NOT NULL,
  `phone` varchar(255) NOT NULL,
  `total_price` int(11) NOT NULL,
  `notes` varchar(255) DEFAULT NULL,
  `created_by` varchar(255) DEFAULT NULL,
  `status` smallint(6) DEFAULT NULL,
  PRIMARY KEY (`id`)
) ENGINE=InnoDB AUTO_INCREMENT=10 DEFAULT CHARSET=utf8;
/*!40101 SET character_set_client = @saved_cs_client */;

--
-- Dumping data for table `orders`
--

LOCK TABLES `orders` WRITE;
/*!40000 ALTER TABLE `orders` DISABLE KEYS */;
INSERT INTO `orders` VALUES (4,'2023-05-12 05:13:11','40, Xã Đức Hạnh, Huyện Bảo Lâm, Tỉnh Cao Bằng','0971308623',461700,NULL,'e590e95c-40b6-4f4b-8ffe-3bab4999aafa',1),(5,'2023-05-14 01:04:11','26/7A Phạm Viết Chánh, Xã Lục Bình, Huyện Bạch Thông, Tỉnh Bắc Kạn','0971308623',469800,NULL,'e590e95c-40b6-4f4b-8ffe-3bab4999aafa',3),(6,'2023-05-14 06:33:54','15B Nguyễn Hội, Phường Phú Trinh, Thành phố Phan Thiết, Tỉnh Bình Thuận','0971308623',317400,NULL,'e590e95c-40b6-4f4b-8ffe-3bab4999aafa',1),(7,'2023-05-14 06:39:51','15B Lê Thánh Tôn, Xã Sĩ Bình, Huyện Bạch Thông, Tỉnh Bắc Kạn','0971308623',341900,NULL,'e590e95c-40b6-4f4b-8ffe-3bab4999aafa',1),(8,'2023-05-14 06:46:25','26/7A Phạm Viết Chánh, Thị trấn Mường Khương, Huyện Mường Khương, Tỉnh Lào Cai','0971308623',136800,NULL,'e590e95c-40b6-4f4b-8ffe-3bab4999aafa',1),(9,'2023-05-14 06:47:53','15B Lê Thánh Tôn, Xã Đa Thông, Huyện Hà Quảng, Tỉnh Cao Bằng','0971308623',426600,NULL,'e590e95c-40b6-4f4b-8ffe-3bab4999aafa',1);
/*!40000 ALTER TABLE `orders` ENABLE KEYS */;
UNLOCK TABLES;

--
-- Table structure for table `publishers`
--

DROP TABLE IF EXISTS `publishers`;
/*!40101 SET @saved_cs_client     = @@character_set_client */;
/*!50503 SET character_set_client = utf8mb4 */;
CREATE TABLE `publishers` (
  `id` int(11) NOT NULL AUTO_INCREMENT,
  `name` varchar(255) DEFAULT NULL,
  PRIMARY KEY (`id`)
) ENGINE=InnoDB AUTO_INCREMENT=12 DEFAULT CHARSET=utf8;
/*!40101 SET character_set_client = @saved_cs_client */;

--
-- Dumping data for table `publishers`
--

LOCK TABLES `publishers` WRITE;
/*!40000 ALTER TABLE `publishers` DISABLE KEYS */;
INSERT INTO `publishers` VALUES (1,'Nhà xuất bản Kim Đồng'),(2,'Nhà xuất bản Trẻ'),(3,'Kodansha'),(4,'Shueisha'),(5,'Kadokawa'),(6,'Nhà xuất bản Hồng Đức'),(7,'VIZ Media LLC'),(8,'Nhà xuất bản Hà Nội'),(9,'Shinshokan'),(11,'Hakusensha');
/*!40000 ALTER TABLE `publishers` ENABLE KEYS */;
UNLOCK TABLES;

--
-- Table structure for table `reviews`
--

DROP TABLE IF EXISTS `reviews`;
/*!40101 SET @saved_cs_client     = @@character_set_client */;
/*!50503 SET character_set_client = utf8mb4 */;
CREATE TABLE `reviews` (
  `id` int(11) NOT NULL AUTO_INCREMENT,
  `user_id` varchar(255) DEFAULT NULL,
  `username` varchar(255) DEFAULT NULL,
  `rating` int(11) DEFAULT NULL,
  `comment` text,
  `book_id` int(11) DEFAULT NULL,
  `created_at` datetime DEFAULT NULL,
  `updated_at` datetime DEFAULT NULL,
  PRIMARY KEY (`id`)
) ENGINE=InnoDB AUTO_INCREMENT=3 DEFAULT CHARSET=utf8;
/*!40101 SET character_set_client = @saved_cs_client */;

--
-- Dumping data for table `reviews`
--

LOCK TABLES `reviews` WRITE;
/*!40000 ALTER TABLE `reviews` DISABLE KEYS */;
INSERT INTO `reviews` VALUES (1,'e590e95c-40b6-4f4b-8ffe-3bab4999aafa','Bành Hảo Toàn',5,'quá đã',15,'2023-05-12 00:00:00','2023-05-12 00:00:00'),(2,'e590e95c-40b6-4f4b-8ffe-3bab4999aafa','Bành Hảo Toàn',5,'Sách hay',37,NULL,NULL);
/*!40000 ALTER TABLE `reviews` ENABLE KEYS */;
UNLOCK TABLES;

--
-- Table structure for table `users`
--

DROP TABLE IF EXISTS `users`;
/*!40101 SET @saved_cs_client     = @@character_set_client */;
/*!50503 SET character_set_client = utf8mb4 */;
CREATE TABLE `users` (
  `id` varchar(255) NOT NULL,
  `name` varchar(255) NOT NULL,
  `is_confirmed` tinyint(1) DEFAULT '0',
  `dob` varchar(255) DEFAULT NULL,
  `phone` varchar(255) DEFAULT NULL,
  `is_admin` tinyint(1) DEFAULT '0',
  `password` varchar(255) DEFAULT NULL,
  `email` varchar(255) DEFAULT NULL,
  `avatar_url` varchar(255) DEFAULT NULL,
  `created_at` datetime DEFAULT NULL,
  `updated_at` datetime DEFAULT NULL,
  `is_banned` tinyint(1) DEFAULT '0',
  PRIMARY KEY (`id`)
) ENGINE=InnoDB DEFAULT CHARSET=utf8;
/*!40101 SET character_set_client = @saved_cs_client */;

--
-- Dumping data for table `users`
--

LOCK TABLES `users` WRITE;
/*!40000 ALTER TABLE `users` DISABLE KEYS */;
INSERT INTO `users` VALUES ('e590e95c-40b6-4f4b-8ffe-3bab4999aafa','Bành Hảo Toàn',0,'2008-06-12','0971308623',1,'$2a$10$IlH.Q9xNhzFYqLRv7vDUWuRl.vTyEVPH.q86idPjIIuLcRn6rMM4.','mjkundta@gmail.com','https://seud.org/wp-content/uploads/2020/06/avatar-nobody.png','2023-04-22 07:19:51',NULL,0);
/*!40000 ALTER TABLE `users` ENABLE KEYS */;
UNLOCK TABLES;
/*!40103 SET TIME_ZONE=@OLD_TIME_ZONE */;

/*!40101 SET SQL_MODE=@OLD_SQL_MODE */;
/*!40014 SET FOREIGN_KEY_CHECKS=@OLD_FOREIGN_KEY_CHECKS */;
/*!40014 SET UNIQUE_CHECKS=@OLD_UNIQUE_CHECKS */;
/*!40101 SET CHARACTER_SET_CLIENT=@OLD_CHARACTER_SET_CLIENT */;
/*!40101 SET CHARACTER_SET_RESULTS=@OLD_CHARACTER_SET_RESULTS */;
/*!40101 SET COLLATION_CONNECTION=@OLD_COLLATION_CONNECTION */;
/*!40111 SET SQL_NOTES=@OLD_SQL_NOTES */;

-- Dump completed on 2023-05-14 13:58:35
